,id,brand,car_model,type,desc,problem,datetime,status
0,487762,吉利汽车,星越,2019款 350T 驭星者,吉利星越4S店销售库存车 服务承诺不兑现	,"H15,L314,M283,",2020-06-24,信息审核
1,487761,上汽大众,朗逸,2013款 1.4TSI DSG舒适版,上汽大众朗逸变速箱机电单元损坏4S店不保修,"B96,B115,I297,",2020-06-24,信息审核
2,487759,奇瑞汽车,艾瑞泽5,2016款 1.5L 手动 领潮版,奇瑞艾瑞泽5发动机渗油售后不予质保,"A12,",2020-06-24,信息审核
3,487758,吉利汽车,博越,2020款 1.8TD DCT 智尊PRO,吉利博越变速箱顿挫 拖挡导致共振严重,"B19,B69,",2020-06-24,信息审核
4,487757,新特汽车,SITECH DEV 1,2018款 创睿版,新特SITECH DEV 1配件质量差频繁故障,"H134,H101,",2020-06-24,信息审核
5,487752,吉利汽车,嘉际,2019款 1.5TD MHEV DCT 臻享型,吉利嘉际购车旅游基金不兑现厂家拖延不处理,"I295,L313,",2020-06-24,信息审核
6,487747,吉利汽车,博越,2020款 1.8TD DCT 智慧PRO,吉利博越没有挡位灯和前雾灯与宣传不符,"M279,",2020-06-24,信息审核
7,487746,北京现代,领动,2016款 1.6L 自动 智炫·精英型,北京现代领动行驶跑偏 发动机抖动,"A24,G117,",2020-06-24,信息审核
8,487741,吉利汽车,帝豪,2017款 1.5L CVT 向上版 三厢 百万款,吉利帝豪刹车疲软 存在安全隐患,"E269,",2020-06-24,信息审核
9,487740,上汽集团,名爵6,2018款 20T 自动 豪华智联版 国VI,上汽名爵6踩刹车异响4S店多次维修不保修,"E43,I295,I297,J298,",2020-06-24,厂家受理
10,487739,上汽集团,名爵ZS,2019款 1.5L 手动 65寸巨幕天窗全球版 国VI,上汽名爵ZS发动机高温熄火厂家不回复,"A191,I295,I294,",2020-06-24,厂家受理
11,487736,吉利汽车,帝豪,2019款 领军版 1.5L 手动 豪华型 国VI,吉利帝豪发动机脚垫前摆臂横梁有维修痕迹,"M283,",2020-06-24,信息审核
12,487734,广汽丰田,汉兰达,2018款 2.0T 四驱 豪华版 7座 国VI,广汽丰田汉兰达扶手箱滑轨断裂4S店不保修,"H168,I297,N317,",2020-06-24,信息审核
13,487727,东风标致,标致4008,2017款 350THP 精英版,东风标致4008服务站未将保养记录上传,"J299,",2020-06-24,信息审核
14,487724,吉利汽车,帝豪,2014款 1.5L 手动 时尚型 三厢,吉利帝豪变速箱打齿无法正常挂挡,"B20,B77,",2020-06-24,信息审核
15,487720,一汽-大众,探岳,2019款 征途版 280TSI 两驱 豪华型 国Ⅵ,一汽大众探岳喇叭声音发闷影响使用,"H151,",2020-06-24,信息审核
16,487718,一汽丰田,RAV4荣放,2016款 2.0L CVT 两驱 风尚版 国V,一汽丰田RAV4荣放尾灯自然开裂质量差,"H220,I295,",2020-06-24,信息审核
17,487717,奇瑞汽车,艾瑞泽7,2016款 1.6L CVT 致尚版,奇瑞艾瑞泽7车门生锈存在质量问题,"H79,",2020-06-24,信息审核
18,487712,吉利汽车,博越,2020款 1.8TD DCT 智尊PRO,吉利博越实车无挡位显示灯与宣传不符,"M279,",2020-06-24,信息审核
19,487711,沃尔沃（进口）,沃尔沃V40,2019款 T4 智雅版,进口沃尔沃V40经销商手续办理缓慢,"I282,O353,",2020-06-24,信息审核
20,487710,一汽-大众奥迪,奥迪A3,2020款 Limousine 35 TFSI 运动型 国VI,一汽大众奥迪A3新车无法缴纳购置税,"M284,",2020-06-24,信息审核
21,487709,广汽本田,飞度,2014款 1.5L CVT SE时尚型,广汽本田飞度发动机无法启动要求解决,"A44,",2020-06-24,信息审核
22,487706,广汽本田,飞度,2020款 1.5L CVT 舒适天窗版,广汽本田飞度邓禄普轮胎爆胎存在质量问题,"F130,N316,",2020-06-23,信息审核
23,487702,长安马自达,马自达3 昂克赛拉,2016款 1.5L 自动 豪华型 三厢,长安马自达昂克赛拉中控屏开裂影响正常使用,"H134,",2020-06-23,信息审核
24,487694,广汽丰田,雷凌,2017款 185T CVT 精英版 国V 改款,广汽丰田雷凌仪表台开裂 车内有异响,"H176,H164,",2020-06-23,信息审核
25,487692,北京现代,瑞纳,2017款 1.4L 手动 焕彩版 国V,北京现代瑞纳发动机异响一直没有处理好,"A9,",2020-06-23,信息审核
26,487691,广汽本田,飞度,2014款 1.5L CVT LX舒适型,广汽本田飞度冷车启动发动机有异响,"A9,",2020-06-23,信息审核
27,487688,一汽丰田,亚洲龙,2019款 双擎 2.5L XLE 尊贵版 国Ⅵ,一汽丰田亚洲龙行驶中天窗和车身有异响,"H15,H89,",2020-06-23,信息审核
28,487686,江铃汽车,驭胜S350,2016款 2.4T 自动 四驱 柴油 豪华版 5座,江铃驭胜S350质保期内车身多处有生锈的现象,"H79,",2020-06-23,信息审核
29,487685,东风标致,标致408,2019款 350THP 自动 豪华版 国V,东风标致408驾驶位与副驾驶位上方有异响,"H164,",2020-06-23,厂家受理
0,487681,东南汽车,V5菱致,2014款 1.5T CVT 智控型,东南V5菱致行驶过程中变速箱故障失去动力,"B96,B334,",2020-06-23,信息审核
1,487680,吉利汽车,星越,2019款 350T AWD 驭星者,吉利星越升级GKUI19系统后依然卡顿,"O348,",2020-06-23,信息审核
2,487679,吉利汽车,星越,2019款 350T 耀星者,吉利星越雨刮器在工作时卡顿而且异响,"H60,",2020-06-23,信息审核
3,487677,上汽斯柯达,速派,2013款 1.4T DSG 绅仕版,斯柯达速派座椅开裂 材质与宣传不符,"H168,H169,",2020-06-23,信息审核
4,487675,上汽斯柯达,速派,2016款 TSI330 DSG 创行版,斯柯达速派变速箱故障灯亮机电单元损坏,"B96,B77,B115,",2020-06-23,信息审核
5,487672,长安马自达,马自达3 昂克赛拉,2016款 1.5L 手动 豪华型 三厢,长安马自达昂克赛拉中控屏幕爆裂影响使用,"H134,H168,",2020-06-23,信息审核
6,487671,东风雪铁龙,爱丽舍,2014款 1.6L 手动 时尚型CNG,东风雪铁龙爱丽舍启动后变速箱无法挂挡,"B20,",2020-06-23,信息审核
7,487670,一汽-大众奥迪,奥迪A6L,2020款 45 TFSI quattro 臻选致雅型,一汽大众奥迪A6L承诺多色氛围灯实际未配备,"M279,",2020-06-23,信息审核
8,487669,福田,捷运,BJ5048CCY_AI,福田捷运启动后挂一挡发动机无动力,"A163,",2020-06-23,信息审核
9,487668,东风日产,天籁,2019款 2.0T XL 智领版,东风日产天籁行驶时中控台存在金属摩擦声,"H93,",2020-06-23,信息审核
10,487667,东风本田,本田CR-V,2019款 耀目版 240TURBO CVT 两驱 舒适版 国VI,东风本田CR-V天窗遮阳帘无法开启 换挡异响,"B33,H192,",2020-06-23,信息审核
11,487666,众泰汽车,众泰T500,2018款 1.5T 手动 尊享型 5座,众泰T500中控显示屏闪烁无法使用,"H134,",2020-06-23,厂家受理
12,487662,长城汽车,哈弗H6 Coupe,2018款 1.5T 自动 两驱 超豪型 蓝标,哈弗H6 Coupe电瓶亏电充电后未解决,"H146,",2020-06-23,信息审核
13,487660,众泰汽车,众泰T700,2017款 1.8T 双离合 尊贵型,众泰T700方向盘转不动希望尽快解决,"D156,D291,",2020-06-23,信息审核
14,487651,一汽-大众奥迪,奥迪A4L,2019款 40 TFSI 时尚型 国VI,一汽大众奥迪A4L变速箱机电单元故障,"B115,",2020-06-23,信息审核
15,487647,北京现代,菲斯塔,2019款 280TGDi 运动版 国VI,北京现代菲斯塔4S店不兑现贴膜承诺,"L313,",2020-06-23,信息审核
16,487645,吉利汽车,缤越,2019款 260T DCT 骑士 国VI,吉利缤越车机系统黑屏死机升级承诺不兑现,"H155,L314,",2020-06-23,信息审核
17,487641,吉利汽车,缤瑞,2019款 200T DCT 缤致版,吉利缤瑞变速箱装配工艺不合格导致异响,"B33,",2020-06-23,信息审核
18,487639,吉利汽车,缤越,2019款 260T DCT 游侠 运动款 国V,吉利缤越车门漏风 系统升级承诺不兑现,"H144,L314,",2020-06-23,信息审核
19,487638,北汽银翔,幻速S6,2017款 1.5T 手动 智能型,北汽幻速S6发动机噪音大后视镜漆面变色,"A38,H201,",2020-06-23,信息审核
20,487635,吉利汽车,吉利icon,2020款 300T i9 BSG,吉利icon厂家置换补贴政策不兑现,"L313,",2020-06-23,信息审核
21,487634,奇瑞汽车,捷途X70S,2019款 X70S 1.5T 手动 征途版 国V,捷途X70S发动机冷却风扇固定螺丝脱落,"A191,A145,H101,",2020-06-23,厂家受理
22,487615,吉利汽车,嘉际,2019款 1.5TD MHEV DCT 臻享型,吉利嘉际漆面起泡希望厂家处理问题,"H81,",2020-06-23,信息审核
23,487613,长安马自达,马自达CX-5,2015款 2.5L 自动 四驱 旗舰型,长安马自达CX-5中控屏闪屏希望厂家处理,"H134,",2020-06-23,信息审核
24,487612,吉利汽车,星越,2019款 改款 350T 耀星者,吉利星越贴膜工艺差导致门窗有起泡,"J303,J299,",2020-06-23,信息审核
25,487611,东风悦达起亚,起亚K4,2017款 1.6T 自动 T-DLX Turbo,东风悦达起亚K4变速箱抖动换挡顿挫,"B19,B95,",2020-06-23,信息审核
26,487609,东风日产,劲客,2017款 1.5L CVT 智行版,东风日产劲客中控卡屏播放音乐断开,"H134,",2020-06-23,信息审核
27,487605,一汽-大众奥迪,奥迪A6L,2016款 TFSI 双离合 运动型,一汽大众奥迪A6L节温器底座漏液,"A37,",2020-06-23,信息审核
28,487603,东风标致,标致408,2016款 1.6T 自动 豪华版,东风标致408减震器异响希望得到处理,"G52,",2020-06-23,厂家受理
29,487602,广汽三菱,欧蓝德,2019款 2.0L 两驱 畅享版 5座 国VI,广汽三菱欧蓝德左后方安全带无法抽出,"H118,",2020-06-23,厂家受理
0,487600,吉利汽车,博越,2018款 1.8TD 自动 两驱 智联型 4G互联版,吉利博越漆面脱落严重影响车辆美观,"H81,",2020-06-23,信息审核
1,487596,北京现代,领动,2020款 1.5L CVT 智炫·精英型,北京现代领动新车顶棚存在明显污渍,"L313,M284,",2020-06-23,信息审核
2,487594,长城汽车,WEY VV5,2020款 1.5T 两驱 智先锋,WEY VV5流媒体重启影响正常使用	,"H155,",2020-06-23,信息审核
3,487592,长城汽车,哈弗H2,2017款 1.5T 自动 两驱精英型 蓝标,哈弗H2颠簸时转向与左前轮异响明显,"D59,G125,",2020-06-23,信息审核
4,487588,吉利汽车,吉利GX7,2014款 2.0L 自动 尊贵型,吉利GX7冷车启动发动机异响升挡顿挫,"A9,B19,",2020-06-23,信息审核
5,487587,长安马自达,马自达3 昂克赛拉,2017款 1.5L 自动 豪华型 三厢 国V,长安马自达昂克赛拉减震器异响漏油,"G52,G25,",2020-06-23,信息审核
6,487586,一汽-大众奥迪,奥迪A4L,2019款 40 TFSI 时尚型 国VI,一汽大众奥迪A4L倍耐力轮胎鼓包,"F39,",2020-06-23,信息审核
7,487584,上汽大众,朗逸,2017款 1.6L 手动 舒适版,上汽大众朗逸车内异味刹车盘异响,"D59,E43,H185,",2020-06-23,信息审核
8,487583,吉利汽车,帝豪GL,2017款 1.8L 手动 精英型,吉利帝豪GL离合器不回位刹车故障灯亮,"C267,E62,",2020-06-23,信息审核
9,487577,上汽大众,朗逸,2011款 1.4TSI DSG 品雅版,上汽大众朗逸起步时抖动 换挡时顿挫,"B19,B95,C87,",2020-06-23,信息审核
10,487575,一汽-大众,高尔夫,2017款 280TSI 自动 R-Line百万辆纪念版,一汽大众高尔夫韩泰轮胎开裂影响行车安全,"F100,",2020-06-23,信息审核
11,487570,北京现代,领动,2016款 1.4T  双离合 炫动·精英型,北京现代领动发动机异响漏水 压缩机损坏,"A9,A37,H101,",2020-06-23,信息审核
12,487567,广汽丰田,凯美瑞,2016款 2.5HG CVT 十周年纪念豪华导航版 双擎,广汽丰田凯美瑞中控黑屏触摸没反应,"H134,",2020-06-23,处理反馈
13,487566,上汽大众,途观L新能源,2019款 430PHEV 混动豪华版,上汽大众途观L新能源仪表盘外罩开裂,"H168,",2020-06-23,信息审核
14,487565,长安汽车,长安欧尚CX70,2017款 1.5T 手动 豪擎版 CX70T,长安欧尚CX70变速箱异响顿挫传动轴异响,"B33,B19,G158,H67,",2020-06-23,信息审核
15,487563,东风本田,本田XR-V,2020款 1.5L CVT 舒适版,东风本田XR-V后风挡玻璃存在划痕,"H113,",2020-06-23,信息审核
16,487562,一汽-大众奥迪,奥迪A4L,2017款 2.0T 双离合 时尚型 Plus,一汽大众奥迪A4L发动机节温器漏防冻液,"A37,",2020-06-23,信息审核
17,487560,一汽丰田,RAV4荣放,2020款 2.0L CVT 两驱 都市版,一汽丰田RAV4荣放购车缴纳定金未退还,"K309,",2020-06-23,信息审核
18,487559,北京奔驰,奔驰GLB,2020款 GLB 200 时尚型,北京奔驰GLB车窗有严重异响希望解决,"H72,",2020-06-23,信息审核
19,487555,长城汽车,哈弗H2,2018款 1.5T 双离合 两驱 精英型 红标,哈弗H2自动驻车故障报警电瓶亏电厂家未回复,"H146,H170,I294,",2020-06-23,处理反馈
20,487554,一汽-大众,宝来,2020款 1.5L 自动 精英型,一汽大众宝来前挡风玻璃破裂质量差,"H113,",2020-06-23,信息审核
21,487553,一汽-大众,探岳,2020款 330TSI 两驱 豪华智联版,一汽大众探岳发动机怠速时油箱有异响,"H147,",2020-06-23,信息审核
22,487550,上汽大众,朗逸,2017款 1.6L 手动 风尚版,上汽大众朗逸方向盘异响空调异味排气管生锈,"D59,G51,H101,H30,",2020-06-23,信息审核
23,487548,长安汽车,锐程CC,2020款 1.5T 自动 炫锐型,长安锐程CC变速箱P挡卡顿影响正常使用,"B20,",2020-06-23,信息审核
24,487547,福田汽车,拓陆者,2019款 2.0T E7 手动 四驱 城市版 高配 4G20TI4,福田拓陆者变速箱倒挡打齿 发动机故障灯亮,"A34,B77,",2020-06-23,信息审核
25,487546,吉利汽车,星越,2019款 350T 暗夜骑士限量版,吉利星越大客户补贴未兑现 升级后车机卡顿,"H155,L313,O348,",2020-06-23,信息审核
26,487545,东风雪铁龙,雪铁龙C3-XR,2018款 1.6L 自动 先锋型 改款,东风雪铁龙C3-XR发动机故障灯亮,"A34,",2020-06-23,厂家受理
27,487544,东风日产,逍客,2019款 2.0L CVT 豪华版,东风日产逍客刹车异响4S店不予解决,"E43,",2020-06-23,信息审核
28,487541,一汽-大众,探岳,2019款 征途版 280TSI 两驱 豪华型 国Ⅵ,一汽大众探岳大灯透镜发白影响照明,"H82,",2020-06-23,信息审核
29,487540,广汽丰田,凯美瑞,2015款 2.5HG CVT 豪华导航版 双擎,广汽丰田凯美瑞左右半轴防尘罩漏油,"G51,",2020-06-23,处理反馈
0,487530,一汽-大众奥迪,奥迪A4L,2015款 2.0T CVT 标准型,奥迪A4L防冻液水壶开裂导致冷却液泄漏,"A37,H168,",2020-06-23,信息审核
1,487528,吉利汽车,远景,2017款 1.5L 自动 幸福版,吉利远景发动机抖动 后杠色差要求尽快处理,"A24,B20,H201,",2020-06-23,信息审核
2,487527,一汽-大众,速腾,2020款 200TSI DSG 舒适型 国VI,一汽大众速腾4S店销售库存车不履行承诺,"I295,I293,L313,M283,",2020-06-23,信息审核
3,487526,众泰汽车,众泰E200,2018款 Pro,众泰E200中控屏损坏无法使用希望处理,"H134,",2020-06-23,信息审核
4,487525,一汽-大众奥迪,奥迪Q5,2012款 2.0TFSI  自动 舒适型,一汽大众奥迪Q5变速箱挂倒挡无法行驶,"B334,",2020-06-23,信息审核
5,487524,众泰汽车,众泰T300,2018款 1.5L CVT 尊贵型,众泰T300主驾驶玻璃升降器开关损坏,"H67,N318,",2020-06-23,厂家受理
6,487523,东风雪铁龙,世嘉,2013款 2.0L 自动 品悦型 三厢,东风雪铁龙世嘉变速箱电磁阀故障挡位锁死,"B20,B84,",2020-06-23,厂家受理
7,487519,吉利汽车,帝豪GS,2016款 1.3T 自动 领尚型 优雅版,吉利帝豪GS底盘生锈4S店不予处理,"H79,",2020-06-23,信息审核
8,487518,东风日产,逍客,2016款 2.0L CVT 旗舰版,东风日产逍客起步无力 变速箱顿挫,"B19,B334,",2020-06-23,信息审核
9,487517,吉利汽车,星越,2019款 改款 350T 耀星者,吉利星越车辆多处减配一直不予处理,"Q350,",2020-06-23,信息审核
10,487515,一汽-大众,迈腾,2019款 330TSI DSG 领先型 国V,一汽大众迈腾变速箱故障机电单元损坏,"B96,B84,B115,",2020-06-23,信息审核
11,487511,吉利汽车,远景X3,2017款 1.5L 手动 尊贵型,吉利远景X3经销商私自收取利息及保险押金,"K307,",2020-06-23,信息审核
12,487510,吉利汽车,缤瑞,2018款 14T CVT 缤致版,吉利缤瑞四个车门全部生锈希望尽快解决,"H79,",2020-06-23,信息审核
13,487508,吉利汽车,博越,2016款 1.8TD 自动 两驱 智尚型,吉利博越仪表盘花屏售后不予免费质保,"H134,",2020-06-23,信息审核
14,487506,海马汽车,海马S5,2014款 1.6L 手动 智尚型,海马S5变速箱异响 漆面腐蚀生锈厂家未处理,"B33,H79,",2020-06-23,处理反馈
15,487505,一汽-大众,探岳,2019款 330TSI 两驱 尊贵型 国Ⅵ,一汽大众探岳刹车偏软 变速箱顿挫 大灯不亮,"B19,E269,H82,",2020-06-23,信息审核
16,487503,几何汽车,几何A,2019款 高维标准续航立方版,几何A多次无故自动刹停 后门与车轮异响,"G125,H72,H170,",2020-06-23,信息审核
17,487502,上汽斯柯达,柯米克,2020款 GT 1.5L 自动 旗舰版 国VI,斯柯达柯米克ABS系统非正常启动,"E74,",2020-06-23,信息审核
18,487500,吉利汽车,博越,2020款 1.8TD DCT 智领PRO,吉利博越实车无挡位灯和前雾灯与宣传不符,"M279,",2020-06-23,信息审核
19,487499,奇瑞汽车,瑞虎8,2019款 1.6TGDI 自动 豪华型,奇瑞瑞虎8水泵泄漏防冻液4S店无配件更换,"A37,A221,N318,",2020-06-23,信息审核
20,487497,奇瑞汽车,艾瑞泽5,2016款 1.5L CVT 领潮版,奇瑞艾瑞泽5变速箱脱挡无法行驶,"B246,",2020-06-23,信息审核
21,487492,长城汽车,哈弗H6 Coupe,2016款 1.5T 自动 两驱都市型,哈弗H6 Coupe后备箱漏水天窗异响方向盘沉重,"B184,D156,H109,H89,",2020-06-23,处理反馈
22,487491,上汽大众,Polo,2019款 Plus 1.5L 自动 全景乐享版,上汽大众Polo经销商出售库存车态度恶劣,"I293,M283,",2020-06-23,信息审核
23,487490,北汽新能源,北汽新能源EU5,2018款 EU5 R500 智风版,北汽新能源EU5方向跑偏 轮胎吃胎 底盘异响,"G56,G245,G117,",2020-06-23,厂家受理
24,487487,东风标致,标致408,2015款 1.2T 自动 豪华版,东风标致408正时皮带召口未通知,"O296,",2020-06-23,处理反馈
25,487486,北汽新能源,北汽新能源EU5,2018款 EU5 R500 智风版,北汽新能源EU5车机APP无法实名认证,"I295,O348,",2020-06-23,厂家受理
26,487478,华晨宝马,宝马5系,2018款 530Li 领先型 豪华套装,华晨宝马5系倒车影像黑屏 4S店不予解决,"H134,I295,",2020-06-23,信息审核
27,487476,海马汽车,海马8S,2019款 1.6TGDI 自动 潮版,海马8S经销商换购补贴承诺一直不兑现,"L313,",2020-06-23,处理反馈
28,487473,沃尔沃亚太,沃尔沃S60,2016款 2.0T T4 智远版,亚太沃尔沃S60前悬架平衡杆胶套有异响,"G204,",2020-06-23,信息审核
29,487472,广汽丰田,雷凌,2019款 185T CVT 豪华版 国VI,广汽丰田雷凌变速箱顿挫厂家推诿未解决,"B19,I295,I282,",2020-06-23,处理反馈
0,487468,长安马自达,马自达CX-5,2015款 2.0L 自动 两驱 都市型,长安马自达CX-5变速箱行驶时有异响,"B33,",2020-06-23,处理反馈
1,487465,雷克萨斯,雷克萨斯NX,2015款 200t 锋尚版 全驱 5座,雷克萨斯NX发动机真空阀损坏出现异响,"A9,A163,",2020-06-23,信息审核
2,487462,一汽-大众,探岳,2020款 330TSI 两驱 豪华智联版Pro,一汽大众探岳发动机故障灯亮 电瓶漏液,"A34,H146,",2020-06-23,信息审核
3,487461,猎豹汽车,猎豹CS10,2017款 1.5T 手动 精英型,猎豹CS10底盘和方向机异响 车身漏水,"A34,D59,G56,H109,N318,",2020-06-23,信息审核
4,487457,江铃福特,领界,2019款 EcoBoost 145 CVT 铂领型 国V,江铃福特领界发动机故障灯亮启停功能失效,"A34,H263,J298,O324,",2020-06-23,处理反馈
5,487456,吉利汽车,星越,2019款 350T 探星者,吉利星越刹车和雨刮器异响 车机死机黑屏,"E43,H155,H60,",2020-06-23,处理反馈
6,487454,一汽-大众奥迪,奥迪A6L,2019款 45 TFSI 臻选动感型,一汽大众奥迪A6L发动机机油加注口渗油,"A12,B22,",2020-06-23,信息审核
7,487452,广汽丰田,凯美瑞,2015款 2.5G 自动 豪华导航版,广汽丰田凯美瑞半轴防尘套漏油4S店不保修,"G161,I297,",2020-06-23,处理反馈
8,487451,奇瑞汽车,捷途X70,2018款 1.5T 手动 悦行版,捷途X70雨刮器喷水角度太低4S店拒赔,"H60,I297,",2020-06-23,处理反馈
9,487448,吉利汽车,星越,2019款 350T 耀星者,吉利星越起步时变速箱顿挫换挡不顺畅,"B19,B20,M279,Q350,",2020-06-23,处理反馈
10,487447,广汽讴歌,讴歌CDX,2016款 1.5T 两驱尊享版,广汽讴歌CDX经销商销售维修过的问题车,"M284,M283,",2020-06-23,信息审核
11,487442,上汽集团,名爵6,2017款 20T 手动 豪华智联版 国V,上汽名爵6离合器打滑踏板脱落4S店不保修,"C16,C166,I297,",2020-06-23,厂家受理
12,487436,一汽-大众,迈腾,2016款 1.8TSI 智享领先型,一汽大众迈腾变速箱异响抖动顿挫,"B33,B19,B95,",2020-06-23,信息审核
13,487434,东风电动轻卡,EV300,ev300,东风电动轻卡EV300续航里程不准确行驶断电,"A346,H344,",2020-06-23,信息审核
14,487430,吉利新能源,博瑞新能源,2018款 1.5T PHEV 耀享版,吉利博越新能源多功能方向盘按键失灵,"H134,",2020-06-23,用户评分
15,487428,一汽丰田,RAV4荣放,2020款 2.0L CVT 两驱 风尚版,一汽丰田RAV4荣放发动机舱进泥浆,"Q322,",2020-06-23,信息审核
16,487427,吉利汽车,博越,2020款 1.8TD DCT 智尊PRO,吉利博越新车简配雾灯和挡位灯与宣传不符,"M279,",2020-06-23,处理反馈
17,487426,东风日产,逍客,2017款 2.0L CVT 智享版 国V,东风日产逍客变速箱漏油有明显顿挫感,"B19,B22,",2020-06-23,信息审核
18,487422,一汽-大众,探岳,2019款 330TSI 两驱 豪华型 国Ⅵ,一汽大众探岳大灯白雾不透亮影响使用,"H82,",2020-06-23,信息审核
19,487421,奇瑞捷豹路虎,发现神行,2019款 240PS SE版 国VI,奇瑞捷豹路虎发现神行发动机舱内有杂音,"A9,",2020-06-23,处理反馈
20,487417,吉利汽车,博瑞,2015款 2.4L 舒适型,吉利博瑞车门由内而外生锈并且腐烂,"H79,",2020-06-23,处理反馈
21,487415,宝马（进口）,宝马3系（进口）,2011款 325i 2.5 自动  双门轿跑车,进口宝马3系转向助力故障报警希望解决,"D291,",2020-06-23,信息审核
22,487411,众泰汽车,众泰T600,2015款 1.5T 手动 精英型,众泰T600变速箱异响严重希望尽快处理,"A189,B33,",2020-06-23,处理反馈
23,487410,北京现代,现代ix35,2019款 2.0L 自动 两驱 智勇·畅享版 国VI,北京现代ix35经销商出售库存车未告知,"K308,M283,",2020-06-23,信息审核
24,487406,一汽-大众,探岳,2019款 330TSI 两驱 豪华型 国Ⅵ,一汽大众探岳变速箱换挡异响 大灯白内障,"B33,H82,",2020-06-23,信息审核
25,487405,吉利汽车,星越,2019款 350T 耀星者,吉利星越车机系统升级后仍然存在问题,"O348,",2020-06-23,处理反馈
26,487404,东风风行,风行SX6,2018款 1.6L 手动 豪华型,东风风行SX6起步时发动机出现异响,"A9,",2020-06-23,处理反馈
27,487402,众泰汽车,众泰SR9,2017款 2.0T 自动 极致之心版,众泰SR9后备箱开关失灵 行驶中失去动力,"B334,H68,",2020-06-23,处理反馈
28,487399,一汽-大众,宝来,2016款 1.6L 自动 时尚型,大众宝来发动机异响 销售指定款渠道及保险,"A9,K325,",2020-06-23,信息审核
29,487395,吉利汽车,星越,2019款 改款 300T 耀星者,吉利星越车机卡顿导致黑屏版本与宣传不符,"H155,M279,",2020-06-23,用户评分
0,487387,吉利汽车,帝豪GS,2019款 1.4T CVT 雅,吉利帝豪GS方向盘不正 多媒体闪退,"D154,H134,",2020-06-23,处理反馈
1,487384,一汽-大众,T-ROC探歌,2019款 280TSI DSG 两驱 舒适型 国V,一汽大众探歌韩泰轮胎开裂希望厂家处理,"F100,",2020-06-23,处理反馈
2,487381,吉利汽车,星越,2019款 300T 耀星者,吉利星越车机系统黑屏卡顿影响使用,"H155,",2020-06-23,处理反馈
3,487380,一汽-大众,速腾,2018款 280TSI DSG熠动版,一汽大众速腾发动机高压泵异响严重,"A9,",2020-06-23,处理反馈
4,487379,广汽丰田,YARiS L 致炫,2020款 致炫X 1.5L CVT 领先版,广汽丰田致炫4S店承诺不兑现提不到车,"L313,L312,",2020-06-23,用户评分
5,487377,吉利汽车,星越,2019款 350T AWD 驭星者,吉利星越系统升级过后死机卡顿希望厂家处理,"H155,O348,",2020-06-23,处理反馈
6,487375,上汽大众,朗逸,2019款 1.5L 自动 舒适版 国VI,上汽大众朗逸热车加速行驶时发动机异响,"A9,",2020-06-23,信息审核
7,487373,广汽本田,冠道,2017款 370TURBO 自动 四驱 尊享版,广汽本田冠道后备箱漏水4S店不予保修,"H109,H68,I297,",2020-06-23,处理反馈
8,487372,东风本田,本田CR-V,2019款 锐·混动 2.0L 两驱 净驰版 国VI,东风本田CR-V中控台异响希望尽快处理,"H93,",2020-06-23,信息审核
9,487369,上汽大众,帕萨特新能源,2020款 430PHEV 混动豪华版 国VI,上汽大众帕萨特新能源动力电池故障,"H343,",2020-06-23,信息审核
10,487365,北京汽车,绅宝X65,2015款 2.0T  自动 舒适型,绅宝X65踩油门车身左右摆动厂家未回复处理,"G204,I295,I294,",2020-06-23,厂家受理
11,487363,奇瑞汽车,捷途X90,2019款 1.6T DCT 智享型 5座 国V,捷途X90 4S店举办活动承诺不予兑现,"L314,",2020-06-23,用户评分
12,487360,捷豹,捷豹XF,2014款 2.0T 风华版,进口捷豹XF加油时频繁跳枪存在质量缺陷,"H271,",2020-06-23,处理反馈
13,487359,东风雪铁龙,雪铁龙C4L,2013款 1.8L 手动 劲享版,东风雪铁龙C4L转向柱旷量 油箱变形,"A63,D337,H271,",2020-06-23,处理反馈
14,487356,吉利汽车,星越,2019款 350T 耀星者,吉利星越车机卡顿操作版本与宣传不符,"M279,",2020-06-23,信息审核
15,487354,北京现代,名图,2017款 1.8L 自动 智能型 GLS 国V,北京现代名图转向异响4S店多次维修不解决,"D59,I297,J298,",2020-06-23,信息审核
16,487353,吉利汽车,博越,2016款 1.8TD 自动 两驱 智尊型,吉利博越变速箱漏油希望厂家尽快解决,"B22,",2020-06-23,处理反馈
17,487352,一汽-大众奥迪,奥迪A4L,2013款 2.0T 自动 舒适型,一汽大众奥迪A4L车内异味严重要求解决,"H185,",2020-06-23,信息审核
18,487351,吉利汽车,星越,2019款 350T 耀星者,吉利星越车机系统死机版本与宣传不符,"H155,M279,",2020-06-23,处理反馈
19,487346,东南汽车,东南DX7,2016款 1.5T 自动 荣耀版,东南DX7开启雨刮时雨刮器有异常响声,"H60,",2020-06-23,厂家受理
20,487345,一汽丰田,RAV4荣放,2015款 2.0L CVT 两驱都市版,一汽丰田RAV4荣放右前侧半轴防尘套漏油,"G51,",2020-06-23,信息审核
21,487344,吉利汽车,远景,2018款 1.5L 手动 幸福版,吉利远景车门及车身螺栓生锈厂家不解决问题,"H79,",2020-06-23,处理反馈
22,487342,江淮汽车,瑞风S3,2015款 1.5L 手动 豪华智能尊享版,江淮瑞风S3气囊灯常亮多次维修无法解决,"H103,",2020-06-23,处理反馈
23,487341,一汽-大众,高尔夫,2015款 1.6L 自动 时尚型,一汽大众高尔夫变速箱程序落后换挡迟缓,"B69,",2020-06-23,用户评分
24,487337,上汽大众,凌渡,2015款 330TSI DSG 舒适版,上汽大众凌渡车内异味希望厂家处理,"H185,",2020-06-23,信息审核
25,487336,领克汽车,领克01,2019款 2.0T 两驱 纯版 国V,领克01轮胎亏气但胎压监测未报警,"H203,",2020-06-23,处理反馈
26,487335,吉利汽车,星越,2019款 350T AWD 驭星者,吉利星越车机系统升级后依然卡顿,"O348,",2020-06-23,处理反馈
27,487334,一汽-大众奥迪,奥迪A6L,2020款 45 TFSI quattro 臻选动感型,一汽大众奥迪A6L中控仪表台面板起泡突起,"H176,",2020-06-23,信息审核
28,487331,东风标致,标致408,2018款 350THP 自动 豪华版,东风标致408下雨天副驾驶漏水4S店不保修,"H109,I297,Q322,",2020-06-23,处理反馈
29,487328,吉利汽车,星越,2019款 改款 350T 耀星者,吉利星越车机频繁死机系统与宣传不符,"H155,M279,",2020-06-23,处理反馈
0,487325,广汽丰田,凯美瑞,2016款 2.5HG CVT 十周年纪念豪华导航版 双擎,广汽丰田凯美瑞左前下摆臂球头处渗油,"G210,",2020-06-23,处理反馈
1,487322,广汽乘用车,传祺GA6,2016款 235T DCT 豪华版,广汽传祺GA6换挡顿挫 转向及车内挡杆异响,"B19,D59,H164,",2020-06-23,处理反馈
2,487321,吉利汽车,博越,2020款 1.8TD DCT 智尊PRO,吉利博越变速箱挡位显示灯与宣传不符,"M279,",2020-06-23,处理反馈
3,487320,长城汽车,哈弗F5,2019款 1.5T i型 国潮版  国VI,哈弗F5大灯进水售后告知正常未解决,"H88,I292,",2020-06-23,用户评分
4,487319,吉利汽车,星越,2019款 300T 耀星者,吉利星越车机系统升级后卡顿未解决,"O348,",2020-06-23,处理反馈
5,487317,上汽大众,朗逸,2013款 1.4TSI DSG舒适版,上汽大众朗逸变速箱异响 曲轴油封漏油,"A12,B33,",2020-06-23,信息审核
6,487314,吉利汽车,博越,2016款 1.8TD 自动 两驱 智联型,吉利博越变速箱油封渗油要求尽快解决,"B22,",2020-06-23,处理反馈
7,487313,吉利汽车,博越,2020款 1.8TD DCT 智领PRO,吉利博越挡位指示灯及雾灯与厂家宣传不符,"M279,",2020-06-23,处理反馈
8,487311,广汽丰田,凯美瑞,2019款 2.0G 豪华版 国VI,广汽丰田凯美瑞机油增多希望尽快解决,"A339,",2020-06-23,处理反馈
9,487307,一汽-大众奥迪,奥迪A4L,2013款 2.0T 自动 标准型,一汽大众奥迪A4L防冻液壶开裂渗液,"H168,",2020-06-23,信息审核
10,487304,北京现代,现代ix35,2019款 2.0L 自动 两驱 智勇·畅享版 国V,北京现代iX35变速箱顿挫车身生锈4S店不解决,"B19,H79,H109,H201,",2020-06-23,信息审核
11,487301,一汽丰田,卡罗拉,2017款 1.2T CVT GL-i,一汽丰田卡罗拉低速行驶时变速箱顿挫	,"A9,B33,B19,",2020-06-23,信息审核
12,487299,一汽-大众,探岳,2019款 380TSI 四驱 R-Line 国VI,一汽大众探岳低速行驶时变速箱异响,"B33,",2020-06-23,处理反馈
13,487298,奇瑞汽车,艾瑞泽EX,2019款 1.5L CVT 自在版 国V,奇瑞艾瑞泽EX加速时发动机异响严重,"A9,",2020-06-23,信息审核
14,487296,一汽-大众,迈腾,2019款 330TSI DSG 豪华型 国V,一汽大众迈腾变速箱异响希望厂家处理,"B33,",2020-06-23,处理反馈
15,487290,一汽大众,捷达VS5,2019款 280TSI 自动 进取型,捷达VS5前风挡导水槽漏水涡轮增压器生锈,"H79,H109,",2020-06-23,厂家受理
16,487289,吉利汽车,帝豪,2016款 1.5L 手动 向上版 三厢,吉利帝豪车门内拉手断裂希望厂家索赔,"H168,I297,",2020-06-23,信息审核
17,487287,猎豹汽车,猎豹CS9,2017款 1.5L 手动 风尚型,猎豹CS9暖风水箱漏水4S店不给保修,"A37,I297,",2020-06-23,信息审核
18,487285,领克汽车,领克03,2019款 2.0TD 自动 劲Pro版,领克03车内中控台异响4S店无法处理,"H164,H93,I295,J301,",2020-06-23,处理反馈
19,487284,北京现代,领动,2019款 1.4T 双离合 炫动·活力型,北京现代领动涡轮增压器异响4S店不解决,"A189,I295,",2020-06-23,信息审核
20,487283,广汽本田,雅阁,2016款 2.4L  CVT 豪华版,广汽本田雅阁右侧日行灯不亮4S店不保修,"H82,I297,",2020-06-23,处理反馈
21,487281,北汽新能源,北汽新能源EX,2018款 EX360 新风版,北汽新能源EX厂家不提供财政补贴证明,"I295,I281,L313,",2020-06-23,处理反馈
22,487277,上汽大众,朗逸,2013款 1.4TSI DSG舒适版,上汽大众朗逸车内异味严重引起身体不适,"H185,",2020-06-23,信息审核
23,487275,长安马自达,马自达CX-5,2015款 2.5L 自动 四驱 旗舰型,长安马自达CX-5中控触摸屏乱跳功能失效,"H134,",2020-06-23,处理反馈
24,487271,上汽大通,上汽MAXUS G10,2018款 2.4L 手动 精英版 PLUS 汽油,上汽大通G10变速箱换2挡时异响严重,"B33,",2020-06-23,厂家受理
25,487269,北京现代,菲斯塔,2019款 280TGDi 智速版 国VI,北京现代菲斯塔变速箱异响影响驾驶感受,"B33,",2020-06-23,信息审核
26,487265,上汽通用五菱,新宝骏RC-6,2019款 1.5T CVT 24小时在线豪华型,新宝骏RC-6经销商出售问题车 拖延不处理,"H82,I282,M284,",2020-06-22,处理反馈
27,487264,一汽丰田,RAV4荣放,2010款 2.0 自动 豪华升级版,一汽丰田RAV4荣放方向卡滞无法自动回位,"D123,",2020-06-22,信息审核
28,487262,长安马自达,马自达3 昂克赛拉,2016款 1.5L 自动 豪华型 三厢,长安马自达昂克赛拉变速箱脱挡车辆无法行驶,"B246,",2020-06-22,处理反馈
29,487257,上汽大众,朗逸,2018款 280TSI DSG 舒适版 国V,上汽大众朗逸变速箱异响一直无法解决	,"B33,",2020-06-22,信息审核
0,487256,广汽本田,飞度,2016款 1.5L LXS CVT 舒适天窗版,广汽本田飞度冷车启动发动机VTC执行器异响,"A9,",2020-06-22,处理反馈
1,487254,吉利汽车,博越,2020款 1.5TD 自动 智联PRO,吉利博越无挡位显示没有前雾灯影响行车安全,"B33,M279,",2020-06-22,用户评分
2,487252,北京奔驰,奔驰GLC,2020款 改款 GLC 260 L 4MATIC 动感型,北京奔驰GLC 4S店使用来源不明的配件,"N319,",2020-06-22,信息审核
3,487249,吉利汽车,缤越,2019款 260T DCT 骑士 国VI,吉利缤越门窗漏风 车机系统版本老旧,"H144,L314,",2020-06-22,信息审核
4,487246,北京越野,北京BJ40,2019款 2.3T 自动 四驱 环塔冠军版 国VI,北京BJ40 1600-1900转时油门踏板共振,"A24,A174,B19,H268,",2020-06-22,厂家受理
5,487240,长安汽车,锐程CC,2020款 1.5T 手动 炫锐型,长安锐程CC发动机抖动 变速箱顿挫挂挡困难,"A24,B19,B20,H15,",2020-06-22,信息审核
6,487238,北京现代,菲斯塔,2019款 240TGDi 运动版 国VI,北京现代菲斯塔行驶过程中变速箱出现异响,"B33,",2020-06-22,信息审核
7,487236,奇瑞汽车,瑞虎8,2019款 1.6TGDI 自动 精英型,奇瑞瑞虎8发票上的价格比车辆实际价格低,"L314,M315,",2020-06-22,用户评分
8,487234,一汽-大众奥迪,奥迪Q3,2020款 45 TFSI quattro 时尚动感型,奥迪Q3服务站将2019款车型当2020款出售,"L313,M284,",2020-06-22,信息审核
9,487232,一汽-大众,速腾,2019款 280TSI DSG 舒适型 国VI,一汽大众速腾前桥异响 挂挡异响,"B33,G158,",2020-06-22,处理反馈
10,487231,广汽丰田,汉兰达,2018款 2.0T 四驱 豪华版 7座 国VI,广汽丰田汉兰达换装屏幕后出现故障,"H134,",2020-06-22,处理反馈
11,487225,江铃汽车,驭胜S330,2016款 1.5L GTDi 自动 两驱 尊贵版,驭胜S330变速箱顿挫无法升挡一直未解决,"B19,B69,",2020-06-22,信息审核
12,487222,北京现代,现代ix35,2019款 2.0L 自动 两驱 智勇·畅享版 国VI,北京现代ix35发动机异响希望尽快解决,"A9,",2020-06-22,信息审核
13,487220,吉利汽车,星越,2019款 350T 耀星者,吉利星越正常行驶时中控台存在异响,"H93,",2020-06-22,处理反馈
14,487217,吉利汽车,远景X3,2019款 升级版 1.5L CVT 精英型,吉利远景X3刹车油管渗油存在安全隐患,"E99,",2020-06-22,处理反馈
15,487215,比亚迪,比亚迪S6,2014款 2.4L 自动 尊贵型 7座,比亚迪S6变速箱顿挫维修后再次出现故障,"B33,B19,B84,",2020-06-22,处理反馈
16,487213,吉利汽车,帝豪GS,2016款 1.8L 手动 领尚型 优雅版,吉利帝豪GS变速箱异响多次维修无法解决,"B33,",2020-06-22,处理反馈
17,487211,吉利新能源,博瑞新能源,2020款 1.5T PHEV 耀享版,吉利博瑞新能源高速行驶时变速箱过热,"B95,B96,O348,",2020-06-22,用户评分
18,487205,猎豹汽车,猎豹CS9,2018款 1.5T CVT 劲锐型,猎豹CS9方向盘异响厂家无人解决,"D59,",2020-06-22,信息审核
19,487204,长安汽车,长安CS55,2019款 1.5T 手动 炫色型 国VI,长安CS55发生事故后4S店维修无法交付,"I282,",2020-06-22,厂家受理
20,487202,长城汽车,哈弗H2,2017款 1.5T 手动 两驱豪华型 蓝标,哈弗H2车辆转弯时方向盘严重异响,"D59,",2020-06-22,处理反馈
21,487200,广汽本田,雅阁,2018款 2.0L 锐酷版 锐·混动 国V,广汽本田雅阁发动机位置出现渗油现象,"A12,",2020-06-22,处理反馈
22,487199,上汽集团,荣威RX3,2018款 1.6L CVT 互联网智享版,上汽荣威RX3裸车价与合同不一致,"K308,",2020-06-22,处理反馈
23,487194,吉利汽车,星越,2019款 300T 耀星者,吉利星越升级后语音控制不灵敏卡顿未解决,"O348,",2020-06-22,处理反馈
24,487193,北京现代,领动,2019款 1.5L CVT 智炫·精英型,北京现代领动前轮耐克森轮胎侧面裂纹,"F100,",2020-06-22,处理反馈
25,487187,上汽大众,凌渡,2017款 280TSI DSG 舒适版,上汽大众凌渡变速箱异响希望厂家处理,"B33,",2020-06-22,信息审核
26,487183,东风标致,标致5008,2017款 350THP 精英版 7座,东风标致5008轮毂氧化严重希望厂家处理,"H243,",2020-06-22,处理反馈
27,487180,广汽本田,奥德赛,2017款 2.4L CVT 智享版,广汽本田奥德赛开空调时吹出白色粉末,"H101,",2020-06-22,处理反馈
28,487173,上汽大众,凌渡,2019款 280TSI DSG 舒适版 国VI,上汽大众凌渡变速箱异响换挡困难,"B33,B20,",2020-06-22,信息审核
29,487171,东风标致,标致5008,2017款 380THP 豪华GT版 7座,东风标致5008电尾门开关故障希望厂家处理,"H68,",2020-06-22,处理反馈
0,487170,云度新能源,云度π1,2017款 城际乐派型,云度π1刹车变硬希望厂家退车处理,"E333,",2020-06-22,信息审核
1,487169,吉利汽车,缤越,2019款 260T DCT 游侠 运动款 国V,吉利缤越4S店安装原车挡泥板擅自损坏车体,"J299,O305,",2020-06-22,厂家受理
2,487168,一汽-大众奥迪,奥迪A6L,2019款 40 TFSI 豪华动感型,一汽大众奥迪A6L车身天窗发动机异响,"A9,H15,H89,",2020-06-22,信息审核
3,487163,SWM斯威汽车,SWM斯威X7,2017款 1.5T 自动 智享型 7座,斯威X7发动机油耗高希望尽快得到处理,"A85,",2020-06-22,信息审核
4,487162,吉利汽车,缤越,2019款 260T DCT 游侠 国VI,吉利缤越刹车异响 车机系统故障,"E43,H155,",2020-06-22,处理反馈
5,487159,上汽斯柯达,晶锐,2017款 1.4L 自动 车享版,斯柯达晶锐空调不制冷多次维修没结果,"H101,J298,",2020-06-22,信息审核
6,487158,吉利汽车,帝豪,2017款 1.5L 手动 向上版 三厢 百万款,吉利帝豪大灯进水严重希望尽快处理,"H88,",2020-06-22,处理反馈
7,487156,广汽丰田,雷凌,2017款 185T CVT 精英版 国V 改款,广汽丰田雷凌发动机烧机油希望处理,"A63,",2020-06-22,处理反馈
8,487152,一汽-大众,探岳,2020款 330TSI 两驱 豪华智联版,一汽大众探岳经销商将展车当做新车出售,"M279,",2020-06-22,处理反馈
9,487148,雷克萨斯,雷克萨斯NX,2018款 300h 前驱 锋尚版 国VI,雷克萨斯NX导航不灵敏 更新不及时,"H21,",2020-06-22,厂家受理
10,487147,众泰汽车,众泰SR7,2017款 1.5T CVT 魔方之路版,众泰SR7车内中控台以及车门严重异响,"H72,H93,",2020-06-22,处理反馈
11,487146,奥迪（进口）,奥迪e-tron（进口）,2019款 55 quattro 全球限量版Edition 1,奥迪(进口)e-tron充电桩少续航与宣传不符,"H340,M279,O347,",2020-06-22,信息审核
12,487142,一汽-大众奥迪,奥迪A6L,2019款 45 TFSI 臻选动感型,一汽大众奥迪A4L轮毂变形4S店不给保修,"H243,I297,",2020-06-22,信息审核
13,487140,猎豹汽车,猎豹CS10,2015款 2.0T 手动 卓越版,猎豹CS10行驶中车门异响 发动机异响,"A9,H72,",2020-06-22,信息审核
14,487139,力帆汽车,轩朗,2017款 2.0L 手动 舒适型,力帆轩朗离合器损坏发动机有焊接痕迹,"A235,C17,H78,H48,H197,I297,",2020-06-22,信息审核
15,487138,东风标致,标致4008,2018款 350THP 精英版,东风标致4008加速无力发动机故障灯亮,"A34,A160,I297,",2020-06-22,处理反馈
16,487136,一汽-大众,探岳,2019款 330TSI 两驱 豪华型 国Ⅵ,一汽大众探岳换挡时变速箱顿挫有异响,"B33,B19,",2020-06-22,处理反馈
17,487131,上汽大众,途昂X,2019款 530 V6 四驱 尊崇旗舰版,上汽大众途昂X发动机自动启停功能故障,"A24,H263,",2020-06-22,信息审核
18,487130,雷克萨斯,雷克萨斯ES,2015款 2.0L 自动  精英版 ES 200,雷克萨斯ES天窗玻璃爆裂存在质量问题,"H113,",2020-06-22,厂家受理
19,487129,广汽三菱,欧蓝德,2019款 2.4L 四驱 致享版 7座 国VI,广汽三菱欧蓝德车辆事故后安全气囊未打开,"H55,",2020-06-22,厂家受理
20,487128,东风标致,标致3008,2015款 1.6THP 自动 潮流版,东风标致3008多次在行驶过程中突然熄火,"A14,",2020-06-22,处理反馈
21,487127,一汽-大众,C-TREK蔚领,2017款 230TSI 自动 舒适型,一汽大众蔚领高速时踩刹车方向盘抖动,"D80,",2020-06-22,处理反馈
22,487126,东风标致,标致3008,2015款 1.6THP 自动 潮流版,东风标致3008节温器故障导致发动机故障灯亮,"A34,A191,",2020-06-22,用户评分
23,487121,一汽-大众,速腾,2018款 280TSI 双离合 舒适型,一汽大众速腾发动机变速箱离合器抖动,"A24,B95,C87,",2020-06-22,信息审核
24,487119,沃尔沃亚太,沃尔沃S90,2019款 T5 智逸版,亚太沃尔沃S90低频噪音大共振严重	,"H268,",2020-06-22,信息审核
25,487118,长安马自达,马自达3 昂克赛拉,2016款 1.5L 自动 豪华型 三厢,长安马自达昂克赛拉中控台屏幕脱胶严重,"H134,H168,",2020-06-22,处理反馈
26,487114,猎豹汽车,猎豹CS10,2015款 2.0T 手动 卓越版,猎豹CS10制动效果极差导致发生事故,"E269,",2020-06-22,信息审核
27,487113,吉利汽车,星越,2019款 改款 350T 耀星者,吉利星越车机卡顿死机系统版本与宣传不符,"H155,M279,",2020-06-22,处理反馈
28,487111,一汽-大众,T-ROC探歌,2019款 230TSI DSG 两驱 进取型 国V,一汽大众探歌高压油泵异响严重希望厂家处理,"H78,",2020-06-22,处理反馈
29,487110,北京奔驰,奔驰C级,2020款 C 260 L 运动版,北京奔驰C级新车交付时车漆被剐蹭,"J299,",2020-06-22,信息审核
0,487108,东风日产,骐达TIIDA,2019款 1.6L CVT 智尊版 国Ⅵ,东风日产骐达悬架生锈腐蚀存在安全隐患,"H79,",2020-06-22,处理反馈
1,487106,雷克萨斯,雷克萨斯CT,2017款 CT200h 精英版 单色 国VI,雷克萨斯CT大灯灯罩内部出现密集气泡,"H220,I295,I297,I293,",2020-06-22,厂家受理
2,487103,东风雪铁龙,雪铁龙C4L,2014款 1.8L 自动 智驱版 劲享型,东风雪铁龙C4L方向盘上下左右晃动,"D80,",2020-06-22,用户评分
3,487102,上汽大众,朗逸,2017款 1.6L 自动 舒适版,上汽大众朗逸韩泰轮胎开裂存在安全隐患,"F100,",2020-06-22,信息审核
4,487101,东风日产,天籁,2013款 2.0L XL 舒适版,东风日产天籁变速箱漏油 发动机烧机油,"A63,B22,D58,",2020-06-22,处理反馈
5,487099,一汽-大众,速腾,2018款 280TSI 双离合 舒适型,一汽大众速腾空调出风口损坏存在质量问题,"H168,",2020-06-22,处理反馈
6,487096,吉利新能源,星越新能源,2019款 400T 驭星者 纯电动续航80KM,吉利星越车机系统升级后卡顿问题未能解决,"O348,",2020-06-22,处理反馈
7,487095,奇瑞汽车,瑞虎5,2017款 1.5T CVT 舒适版,奇瑞瑞虎5实车信息与厂家系统不符,"M279,",2020-06-22,厂家受理
8,487092,长城汽车,哈弗H2s,2018款 1.5T 双离合 精英型 红标,哈弗H2s转向拉杆生锈掉漆希望处理,"H79,",2020-06-22,处理反馈
9,487083,吉利汽车,星越,2019款 350T 暗夜骑士限量版,吉利星越车机黑屏版本与宣传不符,"H155,M279,",2020-06-22,处理反馈
10,487082,长城汽车,长城C30,2013款 1.5L 手动 豪华型,长城C30车身漆面生锈4S店不解决,"H79,I295,",2020-06-22,处理反馈
11,487080,一汽-大众,宝来,2019款 改款 1.5L 自动 舒适型 国VI,一汽大众宝来车漆起泡掉漆影响美观,"H81,",2020-06-22,处理反馈
12,487077,东风标致,标致408,2014款 1.8L 自动 豪华版,东风标致408发动机烧机油严重希望处理,"A63,",2020-06-22,处理反馈
13,487076,一汽-大众,探岳,2019款 330TSI 两驱 豪华型 国Ⅵ,一汽大众探岳车灯透镜发白影响光线,"H82,",2020-06-22,用户评分
14,487074,江淮汽车,瑞风S2,2015款 1.5L 手动 豪华智能型,江淮瑞风S2刹车异响方向盘晃动严重,"D265,E43,",2020-06-22,用户评分
15,487072,一汽大众,捷达VS5,2019款 280TSI 自动 悦享型,一汽大众捷达VS5发动机舱进水涡轮生锈,"H93,H109,",2020-06-22,厂家受理
16,487071,一汽-大众奥迪,奥迪A3,2017款 Limousine 1.4T 双离合 时尚型,一汽大众奥迪A3空调出风口经常不出风,"H101,J298,",2020-06-22,信息审核
17,487070,东风标致,标致301,2018款 1.6L 自动 舒适版,东风标致标致301三元催化器老化4S店拒赔,"H54,",2020-06-22,处理反馈
18,487069,一汽丰田,卡罗拉,2014款 1.6L CVT GL-i真皮版,一汽丰田卡罗拉方向盘异响沉重 座垫塌陷,"D59,D156,H169,",2020-06-22,信息审核
19,487058,华晨宝马,宝马5系,2020款 525Li M运动套装,华晨宝马5系天窗和前挡风玻璃爆裂,"H113,",2020-06-22,处理反馈
20,487057,上汽大众,途观L,2019款 改款 330TSI 自动 两驱 智动豪华版 国VI,上汽大众途观L下雨时天窗处出现漏水现象,"H90,",2020-06-22,信息审核
21,487055,吉利汽车,星越,2019款 350T 暗夜骑士限量版,吉利星越车机出现死机现象系统与宣传不符,"H155,M279,",2020-06-22,用户评分
22,487053,长城汽车,WEY P8,2018款 2.0T 旗舰型,WEY P8配件质量差导致频繁故障,"J298,N317,",2020-06-22,处理反馈
23,487051,吉利汽车,熊猫,2009款 1.3L 手动 灵动版,吉利熊猫转向机故障要求尽快处理,"D265,",2020-06-22,处理反馈
24,487042,奔驰（进口）,奔驰S级,2019款 S 320 L,进口奔驰S级发动机水温高一直未解决,"A191,",2020-06-22,信息审核
25,487041,上汽斯柯达,柯迪亚克,2019款 TSI330 两驱 舒适版 5座 国VI,斯柯达柯迪亚克厂家置换补贴未兑现	,"L313,",2020-06-22,信息审核
26,487040,吉利汽车,星越,2019款 350T 耀星者,吉利星越车机系统升级后死机并且卡滞,"H155,O348,",2020-06-22,处理反馈
27,487039,东风日产,逍客,2016款 2.0L CVT 豪华版,东风日产逍客变速箱阀体故障要求尽快解决,"B84,",2020-06-22,用户评分
28,487037,广汽本田,锋范,2015款 1.5L CVT 豪华版,广汽本田锋范发动机冷启动异响要求厂家保修,"A9,",2020-06-22,处理反馈
29,487036,上汽大众,凌渡,2015款 330TSI DSG 舒适版,上汽大众凌渡车内一直存在浓重的异味,"H185,",2020-06-22,信息审核
0,487031,一汽吉林,森雅R9,2018款 1.2T 自动 豪华智尚型,一汽吉林森雅R9发动机故障灯亮 售后无配件,"A34,H170,N318,",2020-06-22,信息审核
1,487030,长安汽车,长安CS55,2018款 1.5T 自动 炫色型 国V,长安CS55车门掉漆 主驾驶门框胶条老化,"H81,H48,",2020-06-22,处理反馈
2,487029,奇瑞汽车,捷途X70,2020款 1.5T DCT 悦行版 6座,奇瑞捷途X70变速箱电脑插头密封不严,"H110,I297,",2020-06-22,处理反馈
3,487021,华晨宝马,宝马5系,2020款 530Li 尊享型 M运动套装,华晨宝马5系车身稳定系统故障导致故障灯亮,"H170,",2020-06-22,处理反馈
4,487018,东风标致,标致308,2013款 1.6L 自动 优尚型,东风标致308变速箱顿挫要求厂家给予保修,"B19,B96,",2020-06-22,处理反馈
5,487017,上汽斯柯达,晶锐,2017款 1.4L 自动 车享版,斯柯达晶锐后门升降器损坏厂未处理,"H67,I295,",2020-06-22,信息审核
6,487014,广汽本田,雅阁,2018款 2.0L 锐领版 锐·混动 国VI,广汽本田雅阁动力电池冷却系统失效,"H345,",2020-06-22,处理反馈
7,487013,吉利汽车,星越,2019款 350T 暗夜骑士限量版,吉利星越车机与宣传不符系统升级未通知,"I294,M279,O296,",2020-06-22,处理反馈
8,487009,广汽丰田,凯美瑞,2015款 2.0G 自动 领先版,广汽丰田凯美瑞左右半轴防尘套漏油严重,"G161,",2020-06-22,处理反馈
9,487008,吉利汽车,远景,2020款 1.5L 手动 亚运版,吉利远景新车不带胎压显示功能厂家减配,"Q350,",2020-06-22,用户评分
10,487003,奇瑞汽车,捷途X70,2018款 1.5T 自动 悦行版,捷途X70悬挂及B柱异响 天窗开关失灵,"G52,H15,H192,",2020-06-22,处理反馈
11,486991,广汽乘用车,传祺GS5,2019款 270T 自动 豪华版,广汽传祺GS5变速箱顿挫严重中控屏幕黑屏,"B19,E43,H134,I295,I293,",2020-06-22,处理反馈
12,486989,广汽本田,飞度,2016款 1.5L LX CVT 舒适型,广汽本田飞度冷车启动发动机有异响,"A9,",2020-06-22,用户评分
13,486981,MINI,MINI,2019款 1.5T COOPER 经典派,MINI天窗开关故障导致车内积水严重,"H192,",2020-06-22,信息审核
14,486980,吉利汽车,帝豪,2018款 1.5L CVT 豪华型,吉利帝豪车门生锈 漆面鼓包 要求处理,"H79,H81,",2020-06-22,处理反馈
15,486974,长安马自达,马自达3 昂克赛拉,2020款 2.0L 自动 质豪版,长安马自达昂克赛拉扶手箱异响播放音乐卡顿,"H134,H81,H164,",2020-06-22,处理反馈
16,486972,一汽-大众,速腾,2018款 280TSI DSG熠动版,一汽大众速腾方向盘出现脱皮现象,"H168,",2020-06-22,处理反馈
17,486970,上汽集团,名爵6,2017款 20T 自动 豪华智联版 国V,上汽名爵6变速箱顿挫异响存在质量问题,"B33,B19,",2020-06-22,处理反馈
18,486968,宝马（进口）,宝马X5 M,2015款 4.4T,宝马X5M发动机故障行驶熄火厂家不保修,"A14,A44,I295,I297,",2020-06-22,处理反馈
19,486966,上汽大众,途岳,2019款 280TSI 两驱 豪华版 国VI,上汽大众途岳韩泰轮胎开裂现象严重,"F100,",2020-06-22,信息审核
20,486965,一汽解放,解放J6P,2011款 解放J6P 9.0 集装箱 半挂 牵引汽车 CA4250P66K24T1A1 EX型,一汽解放J6P卸货过程前置顶折断 车厢侧翻,"G230,",2020-06-22,信息审核
21,486964,广汽本田,雅阁,2018款 260TURBO 精英版 国VI,广汽本田雅阁后备箱与翼子板接缝处未喷漆,"H81,",2020-06-22,处理反馈
22,486963,北京现代,逸行,2018款 1.4T 双离合 逸尚型 国V,北京现代逸行导航故障4S店不给保修,"H21,I295,I297,J298,",2020-06-22,信息审核
23,486962,一汽-大众奥迪,奥迪Q5,2016款 40 TFSI 技术型,一汽大众奥迪Q5节温器和冷却水壶漏防冻液,"A37,",2020-06-22,信息审核
24,486961,几何汽车,几何A,2019款 高维标准续航幂方版,几何A终身免费道路救援承诺不兑现,"L314,",2020-06-22,信息审核
25,486960,一汽丰田,奕泽IZOA,2018款 2.0L 奕驰版 国VI,一汽丰田奕泽销售人员故意刁难拒绝维修保养,"I295,I282,",2020-06-22,信息审核
26,486959,吉利汽车,帝豪,2018款 1.5L CVT 向上互联版,吉利帝豪中控台异响 方向盘异响厂家不处理,"D59,H93,I295,",2020-06-22,处理反馈
27,486958,沃尔沃亚太,沃尔沃S60,2020款 T3 智行豪华版,亚太沃尔沃S60倍耐力轮胎鼓包质量差,"F39,",2020-06-22,厂家受理
28,486957,吉利汽车,博越,2020款 1.8TD DCT 智尊PRO,吉利博越实车没有前雾灯与厂家宣传不符,"M279,",2020-06-22,处理反馈
29,486951,广汽本田,飞度,2014款 1.5L CVT SE时尚型,广汽本田飞度发动机冷启动异响严重,"A9,",2020-06-22,处理反馈
0,486948,一汽-大众,CC,2018款 1.8TSI 豪华型,一汽大众CC反光镜自动收回行车雷达故障,"H68,H82,H170,H211,I295,J298,M284,",2020-06-22,处理反馈
1,486947,一汽-大众,宝来,2020款 1.5L 自动 精英型,一汽大众宝来刹车异响维修未解决问题,"E43,",2020-06-22,处理反馈
2,486934,一汽奔腾,奔腾X40,2017款 1.6L 自动 尊享型,一汽奔腾X40发动机缸盖损坏4S店不予保修,"A24,A163,A160,I297,J298,Q290,",2020-06-22,信息审核
3,486931,吉利汽车,星越,2019款 350T 耀星者,吉利星越车机系统升级软件后卡顿严重,"O348,",2020-06-22,处理反馈
4,486930,东风标致,标致408,2016款 1.6T 自动 豪华版,东风标致408行驶中发动机缺缸抖动,"A24,A34,A14,N318,",2020-06-22,处理反馈
5,486927,吉利汽车,星越,2019款 300T 耀星者,吉利星越车机黑屏操作版本与宣传不符,"H155,M279,",2020-06-22,处理反馈
6,486925,吉利汽车,帝豪GL,2017款 1.3T 手动 精英型,吉利帝豪GL分离轴承损坏导致离合器沉重,"C181,",2020-06-22,用户评分
7,486924,东风雪铁龙,C4世嘉,2016款 1.6L 自动 舒适型 悦心版,东风雪铁龙C4世嘉发动机有烧机油的现象,"A63,",2020-06-22,处理反馈
8,486922,众泰汽车,众泰T300,2017款 1.5L 手动 尊享型,众泰T300天窗震动 左侧后视镜转向灯不亮,"H89,H82,",2020-06-22,处理反馈
9,486920,长安铃木,奥拓,2016款 1.0L 自动 豪华炫动版,长安铃木奥拓出现事故导致发动机舱自燃,"H103,H40,",2020-06-22,处理反馈
10,486918,上汽大众,朗逸,2019款 1.5L 自动 舒适版 国VI,上汽大众朗逸发动机故障灯亮4S店无法解决,"A34,I295,J298,",2020-06-22,处理反馈
11,486915,吉利汽车,博越,2020款 1.8TD DCT 智领PRO,吉利博越车机系统及功能与宣传时不符,"M279,",2020-06-22,处理反馈
12,486914,一汽-大众,宝来,2019款 改款 280TSI DSG 精英型 国VI,一汽大众宝来行驶过程中发动机自动熄火,"A14,",2020-06-22,处理反馈
13,486906,一汽奔腾,奔腾T77,2020款 PRO 280 TID 自动 尊享型,一汽奔腾T77排气管严重生锈4S店拒绝更换,"H30,I297,",2020-06-22,信息审核
14,486905,东风雪铁龙,雪铁龙C4L,2013款 1.6THP 自动 劲智版,东风雪铁龙C4L高压油泵故障导致启动困难,"A44,H78,",2020-06-22,处理反馈
15,486904,上汽大众,途观,2016款 300TSI 自动 四驱 风尚视野版,上汽大众途观低速转弯时异响希望处理,"D59,",2020-06-22,信息审核
16,486903,一汽-大众奥迪,奥迪Q5L,2020款 40 TFSI 荣享时尚型,一汽大众奥迪Q5L部分批次无主动进气格栅,"M279,",2020-06-22,信息审核
17,486902,东风日产,天籁,2020款 2.0L XL 舒适版,东风日产天籁多媒体死机倒车影像不显示,"H134,H168,",2020-06-22,处理反馈
18,486901,吉利汽车,星越,2019款 300T 耀星者,吉利星越车机卡顿升级后未解决要求升级硬件,"O348,",2020-06-22,处理反馈
19,486900,上汽大众,桑塔纳,2019款 1.5L 手动 风尚版 国VI,上汽大众桑塔纳车灯漏水 发动机异响,"A9,H82,",2020-06-22,信息审核
20,486897,长城汽车,哈弗H2,2017款 1.5T 自动 两驱精英型 蓝标,长城哈弗H2转向机异响要求厂家保修处理,"D59,I297,",2020-06-22,处理反馈
21,486893,东风本田,本田UR-V,2017款 240TURBO 两驱 经典版 国VI,东风本田UR-V发动机怠速抖动 方向盘抖动,"A35,D80,",2020-06-22,处理反馈
22,486892,吉利汽车,博越,2018款 1.8TD 自动 两驱 智联型 4G互联版,吉利博越4S店销售新车收取定位服务费,"K307,K325,M315,",2020-06-22,处理反馈
23,486891,东风雪铁龙,天逸 C5 AIRCROSS,2020款 360THP 悦享型,东风雪铁龙天逸C5 AIRCROSS汽油泵损坏,"A34,A44,H78,H90,",2020-06-22,用户评分
24,486889,长安标致雪铁龙DS,DS6,2014款 1.6T 豪华版THP160,长安标致雪铁龙DS6发动机烧机油反复拖延,"A63,I282,",2020-06-22,信息审核
25,486883,吉利汽车,帝豪,2014款 1.3T 手动 尊贵型 三厢,吉利帝豪发动机正时盖渗油更换正时盖未解决,"A12,J298,",2020-06-22,用户评分
26,486879,一汽大众,捷达VS5,2019款 280TSI 自动 荣耀型,捷达VS5导水槽漏水导致涡轮生锈严重,"H79,H109,",2020-06-22,厂家受理
27,486877,上汽集团,名爵HS,无,上汽名爵HS经销商出售问题车不退还订金,"K309,M284,",2020-06-22,处理反馈
28,486876,吉利汽车,博越,2020款 1.8TD DCT 智领PRO,吉利博越挡位灯与宣传不符厂家不回复,"I294,M279,",2020-06-22,处理反馈
29,486875,上汽集团,荣威RX5 MAX,2019款 300TGI 自动 4G互联豪华版,上汽荣威RX5 MAX系统信息与实际不符,"M284,M279,",2020-06-22,处理反馈
0,486873,一汽奔腾,奔腾B50,2016款 1.6L 手动 豪华型,一汽奔腾B50空调系统故障厂家未回复,"H101,I294,",2020-06-22,信息审核
1,486872,奥迪（进口）,奥迪Q7,2019款 55 TFSI S line运动型,奥迪Q7两前车窗升降失灵影响正常使用,"H67,",2020-06-22,信息审核
2,486871,广汽乘用车,传祺GS7,2017款 320T 两驱 豪华智联型,广汽传祺GS7发动机冷却液减少要求解决,"A191,",2020-06-22,处理反馈
3,486869,江铃福特,领界,2019款 EcoBoost 145 CVT 尊领型 国VI,江铃福特领界发动机异响希望尽快处理,"A9,",2020-06-22,处理反馈
4,486868,长安马自达,马自达3 昂克赛拉,2016款 1.5L 自动 豪华型 三厢,长安马自达昂克赛拉中控台屏幕右上角脱胶,"H168,",2020-06-22,处理反馈
5,486866,长安汽车,长安CS55,2017款 1.5T 手动 炫动型,长安CS55轮毂氧化脱皮存在质量问题,"H243,",2020-06-22,处理反馈
6,486863,上汽大众,途观L,2018款 330TSI 自动 两驱 豪华版,上汽大众途观L天窗堵塞漏水气囊故障灯亮,"H103,H90,",2020-06-22,信息审核
7,486861,上汽集团,名爵6,2017款 20T 手动 豪华智联版 国V,上汽名爵6事故维修售后承诺给予补偿未兑现,"J300,L314,N321,",2020-06-22,用户评分
8,486860,吉利汽车,星越,2019款 350T 暗夜骑士限量版,吉利星越车机系统升级后死机卡顿严重,"H155,O348,",2020-06-22,处理反馈
9,486859,一汽-大众,迈腾,2019款 330TSI DSG 豪华型 国VI,一汽大众迈腾车漆多处腐蚀4S店拒绝处理,"H81,I292,",2020-06-22,处理反馈
10,486855,吉利汽车,远景,2020款 1.5L 手动 亚运版,吉利远景倒车影像花屏4S店不回复,"H134,",2020-06-22,处理反馈
11,486852,上汽大众,途安,2011款 1.4TSI DSG 智雅版 5座,上汽大众途安变速箱顿挫厂家否认质量问题,"B19,I292,",2020-06-22,用户评分
12,486851,奇瑞汽车,艾瑞泽7,2015款 1.6L CVT 致享版,奇瑞艾瑞泽7加速时空调压缩机异响,"H101,",2020-06-22,处理反馈
13,486849,长安汽车,逸动XT,2018款 1.6L GDI 自动 锐潮型 国V,长安逸动XT排气管无隔热瓦导致车内高温,"Q322,",2020-06-22,处理反馈
14,486847,吉利汽车,星越,2019款 350T 驭星者,吉利星越车机黑屏死机宣传与实车搭载不符,"H155,M279,",2020-06-22,处理反馈
15,486845,一汽红旗,红旗H5,2019款 30TD 智联韵动版,一汽红旗H5手机端更新后 无法与车机互联,"H155,O348,",2020-06-22,信息审核
16,486844,一汽丰田,RAV4荣放,2020款 2.5L CVT 四驱 精英版 双擎,一汽丰田RAV4荣放机油增多要求处理,"A339,",2020-06-22,信息审核
17,486842,英菲尼迪（进口）,英菲尼迪Q50,2014款 2.0T 舒适版,英菲尼迪Q50发动机灯亮 启停系统故障,"A34,H263,",2020-06-22,信息审核
18,486841,奇瑞汽车,捷途X70,2020款 1.5T DCT 悦行版 7座,捷途X70车门螺丝生锈希望得到处理,"H79,",2020-06-22,处理反馈
19,486838,一汽丰田,卡罗拉,2011款 1.8 CVT GL-i,一汽丰田卡罗拉掉毂掉漆氧化希望处理,"H243,",2020-06-22,信息审核
20,486830,吉利汽车,星越,2019款 350T 驭星者,吉利星越出现死机现象系统版本不符,"H155,M279,",2020-06-22,处理反馈
21,486824,吉利汽车,博越,2020款 1.8TD DCT 智慧PRO,吉利博越后防撞梁材料存在不同程度缩水,"M279,Q322,",2020-06-22,用户评分
22,486821,上汽通用五菱,宝骏630,2011款 1.5L 手动 舒适型,宝骏630车门生锈多次维修无法解决,"H79,",2020-06-22,处理反馈
23,486820,广汽本田,凌派,2015款 1.8 自动 豪华版,广汽本田凌派变速箱渗油4S店不予索赔,"B22,I297,",2020-06-22,处理反馈
24,486819,东风乘用车,风神AX7,2018款 1.6T 自动 豪华型,东风风神AX7发动机冷启动异响4S店无法解决,"A9,I295,",2020-06-22,处理反馈
25,486818,一汽丰田,亚洲龙,2019款 双擎 2.5L XLE 尊贵版 国Ⅵ,一汽丰田亚洲龙发动机机油增多要求解决,"A339,",2020-06-22,信息审核
26,486817,一汽-大众,高尔夫,2017款 1.6L 自动 舒适百万辆纪念版,一汽大众高尔夫主驾侧车门接触开关损坏,"H234,",2020-06-22,处理反馈
27,486812,吉利汽车,缤越,2019款 260T DCT 骑士 国VI,吉利缤越车辆停放后出现多处故障无法行驶,"H49,",2020-06-22,处理反馈
28,486810,长安马自达,马自达3 昂克赛拉,2017款 1.5L 自动 尊贵型 三厢 国V,长安马自达昂克赛拉高速共振 后视镜打不开,"H268,H211,",2020-06-22,处理反馈
29,486809,广汽本田,飞度,2014款 1.5L CVT SE时尚型,广汽本田飞度发动机启动异响 变速箱顿挫,"A9,B19,",2020-06-22,处理反馈
0,486807,北京现代,领动,2018款 1.4T 双离合 炫动·活力型,北京现代领动起步时变速器异响顿挫明显,"B33,B19,",2020-06-21,信息审核
1,486805,东风标致,标致308,2013款 1.6L 自动 优尚型,东风标致308变速箱顿挫 故障灯亮 无法提速,"B19,B96,B334,",2020-06-21,用户评分
2,486802,北京奔驰,奔驰C级,2019款 C 260 运动版,北京奔驰C级4S店服务态度差 维修技术差,"I293,J303,O305,O324,",2020-06-21,信息审核
3,486800,东风标致,标致408,2015款 1.2T 自动 豪华版,东风标致408固特异轮胎开裂鼓包,"F100,",2020-06-21,用户评分
4,486799,东风本田,本田XR-V,2017款 1.8L EXi CVT 舒适版,东风本田XR-V发动机挂挡后抖动 刹车异响,"A24,E43,",2020-06-21,处理反馈
5,486798,一汽-大众,探岳,2019款 330TSI 两驱 豪华型 国Ⅵ,一汽大众探岳变速箱降挡是异响严重,"B33,",2020-06-21,处理反馈
6,486795,奇瑞新能源,瑞虎3xe,2018款 480 畅行版,奇瑞瑞虎3xe电池电量消耗速度过快,"H343,",2020-06-21,厂家受理
7,486793,吉利汽车,吉利GX7,2014款 1.8L 手动 超值版,吉利GX7转向系统漏油 4S店服务态度差,"D58,N320,",2020-06-21,处理反馈
8,486792,一汽-大众,迈腾,2015款 1.8TSI 豪华型,一汽大众迈腾变速箱机电控制单元损坏,"B84,",2020-06-21,处理反馈
9,486791,广汽本田,飞度,2014款 1.5L CVT SE时尚型,广汽本田飞度冷车启动VTC作动器出现异响,"A9,",2020-06-21,用户评分
10,486782,吉利汽车,星越,2019款 350T 驭星者,吉利星越车机死机车机系统与宣传不符,"H155,M279,",2020-06-21,处理反馈
11,486780,吉利汽车,帝豪GL,2018款 1.4T 自动 精英智联型,吉利帝豪GL变速箱异响发动机皮带掉齿,"A222,B33,",2020-06-21,处理反馈
12,486779,东风悦达起亚,焕驰,2019款 1.4L 手动 智享版Value 国VI,东风悦达起亚焕驰变速箱顿挫 怠速转速高,"A35,B19,",2020-06-21,处理反馈
13,486778,一汽-大众,迈腾,2015款 1.8TSI 豪华型,一汽大众迈腾车内存在刺鼻的异味,"H185,",2020-06-21,处理反馈
14,486777,福田汽车,欧曼,2008款 BJ5203VKCJP,福田欧曼行驶过程中后桥异响严重,"G158,",2020-06-21,信息审核
15,486772,吉利汽车,博越,2020款 1.8TD DCT 智尊PRO,吉利博越行驶过程中转向和底盘出现异响,"D59,G56,",2020-06-21,用户评分
16,486770,一汽大众,捷达VS5,2019款 280TSI 自动 荣耀型,捷达VS5发动机抖动故障灯亮发动机舱漏水,"A24,A34,H109,",2020-06-21,厂家受理
17,486768,吉利汽车,星越,2019款 350T 暗夜骑士限量版,吉利星越车机死机系统版本与宣传不符,"H155,M279,",2020-06-21,用户评分
18,486766,吉利汽车,星越,2019款 350T 驭星者,吉利星越车机版本升级后依然卡顿,"O348,",2020-06-21,处理反馈
19,486762,林肯（进口）,林肯MKX,2017款 2.0T 四驱 尊雅版,林肯MKX经销商收取续保押金不退还,"K309,",2020-06-21,信息审核
20,486760,东风悦达起亚,起亚K3,2016款 1.6L 自动 GLS,东风悦达起亚K3前挡风玻璃开裂 变速箱脱挡,"B246,H113,",2020-06-21,处理反馈
21,486758,长城汽车,哈弗H8,2015款 2.0T 两驱 标准型 5座,哈弗H8天窗排水管堵塞电器控制模块浸水失灵,"H90,",2020-06-21,处理反馈
22,486757,北京现代,名图,2017款 1.6T 自动 智能型 GLS,北京现代名图天窗异响 转向异响,"D59,H89,",2020-06-21,信息审核
23,486756,东风标致,标致3008,2016款 2.0L 自动 潮流版,东风标致3008米其林轮胎出现开裂的现象,"F100,",2020-06-21,处理反馈
24,486755,吉利汽车,缤越,2020款 PRO 240T DCT 猎手,吉利缤越油箱起火导致车辆着火自燃,"H40,",2020-06-21,处理反馈
25,486751,上汽集团,名爵ZS,2020款 260TGI 自动 Trophy Plus L2+,上汽名爵ZS发动机异响 方向盘按键故障,"A9,H134,",2020-06-21,用户评分
26,486750,广汽本田,飞度,2016款 1.5L LXS CVT 舒适天窗版,广汽本田飞度头枕插杆无防锈处理无法调整,"H157,",2020-06-21,处理反馈
27,486749,吉利汽车,星越,2019款 350T 暗夜骑士限量版,吉利星越限量徽章与官方宣传不一致,"M279,",2020-06-21,处理反馈
28,486738,上汽大众,朗逸,2017款 1.6L 手动 舒适版,上汽大众朗逸副驾驶门锁不住刹车异响,"E43,H197,",2020-06-21,信息审核
29,486737,广汽本田,飞度,2014款 1.5L 手动 LX舒适型,广汽本田飞度冷车启动时发动机异响严重,"A9,",2020-06-21,处理反馈
0,486730,吉利汽车,星越,2019款 改款 350T 耀星者,吉利星越车机更新后呼叫启动没反应,"O348,",2020-06-21,用户评分
1,486729,上汽通用五菱,五菱宏光,2014款 1.5L 标准型,上汽通用五菱宏光发动机报警怠速高,"A34,A38,",2020-06-21,处理反馈
2,486728,吉利汽车,星越,2019款 350T 耀星者,吉利星越车机升级后依然卡顿要求处理,"O348,",2020-06-21,处理反馈
3,486727,吉利汽车,帝豪,2017款 1.5L CVT 豪华型 三厢 百万款,吉利帝豪起步时变速箱顿挫要求处理,"B19,",2020-06-21,处理反馈
4,486721,奇瑞新能源,奇瑞eQ1,2017款 智享版,奇瑞eQ1动力电池故障导致报警希望处理,"H343,",2020-06-21,厂家受理
5,486717,长安汽车,锐程CC,2020款 1.5T 自动 潮锐型,长安锐程CC无法升挡影响正常使用,"B20,",2020-06-21,处理反馈
6,486716,上汽斯柯达,速派,2013款 1.4T DSG 绅仕版,斯柯达速派起步时变速箱故障无法行驶,"B84,",2020-06-21,信息审核
7,486707,吉利汽车,博越,2020款 1.8TD DCT 智慧PRO,吉利博越宣传与实车不符无挡位灯,"M279,",2020-06-21,处理反馈
8,486706,上汽大众,桑塔纳,2017款 1.6L 手动 风尚型 Cross,上汽大众桑塔纳韩泰轮胎开裂半轴球笼漏油,"F100,G56,G161,",2020-06-21,信息审核
9,486704,东风本田,本田CR-V,2015款 2.4L 两驱 豪华版,东风本田CR-V发动机熄火希望厂家处理,"A14,J298,J301,",2020-06-21,处理反馈
10,486700,众泰汽车,众泰E200,2018款 Pro,众泰E200行驶过程中失去动力存在安全隐患,"A346,I295,L310,N318,",2020-06-21,信息审核
11,486699,一汽-大众,探岳,2019款 330TSI 两驱 尊贵型 国V,一汽大众探岳大灯亮度严重不足影响安全,"H82,",2020-06-21,用户评分
12,486698,奇瑞汽车,瑞虎5x,2019款 HERO 1.5T DCT 高能版,奇瑞瑞虎5x车机系统反应慢断线希望厂家解决,"H21,H155,",2020-06-21,处理反馈
13,486696,吉利汽车,星越,2019款 300T 耀星者,吉利星越车机系统死机系统与宣传不符,"H155,M279,",2020-06-21,处理反馈
14,486695,吉利汽车,星越,2019款 350T 耀星者,吉利星越车机系统死机升级无人通知,"H155,L314,",2020-06-21,处理反馈
15,486694,吉利汽车,远景X6,2016款 1.3T CVT 豪华型,吉利远景X6发动机冷车启动困难转速低,"A44,A35,",2020-06-21,处理反馈
16,486691,一汽-大众奥迪,奥迪A4L,2019款 40 TFSI 时尚型 国VI,一汽大众奥迪A4L空调风口吹自然风有异味,"H121,I295,J298,",2020-06-21,信息审核
17,486690,上汽大众,途观L,2018款 330TSI 自动 两驱 舒适版,上汽大众途观L车辆无法启动要求厂家处理,"B22,E74,E62,I295,",2020-06-21,信息审核
18,486689,吉利汽车,星越,2019款 300T 耀星者,吉利星越车机系统黑屏与宣传不符,"H155,M279,",2020-06-21,处理反馈
19,486687,广汽本田,雅阁,2016款 2.0L CVT  舒适版,广汽本田雅阁转向机异响厂家否认质量问题,"D59,I292,",2020-06-21,用户评分
20,486685,华晨中华,中华V3,2019款 1.5L 自动 精英型,中华V3电瓶无故没电存在漏电现象,"H146,",2020-06-21,信息审核
21,486684,比亚迪,比亚迪e5,2018款 450 智联 畅享型,比亚迪e5动力电池故障4S店服务态度恶劣,"H343,I295,I293,I282,I281,J298,J303,N318,",2020-06-21,处理反馈
22,486683,东风本田,杰德,2016款 1.8L 自动 舒适精英版 5座,东风本田杰德左前升降器故障4S店拒赔,"H72,H67,I297,",2020-06-21,处理反馈
23,486682,东风乘用车,风神AX7,2016款 2.0L 自动 智悦型,东风风神AX7车身生锈腐蚀希望厂家处理,"H79,I297,",2020-06-21,处理反馈
24,486678,吉利汽车,嘉际,2019款 1.5TD MHEV DCT 尊享型,吉利嘉际流光氛围灯虚假宣传与实车不符,"M279,",2020-06-21,处理反馈
25,486677,东风本田,本田UR-V,2017款 240TURBO 两驱 经典版 国V,东风本田UR-V后备箱严重漏水车胎偏磨,"G245,",2020-06-21,用户评分
26,486675,上汽大通,上汽MAXUS G10,2021款 2.0T 手动 精英版 柴油 7座,上汽大通G10后备箱门把手断裂厂家拒赔,"H233,I297,",2020-06-21,处理反馈
27,486672,上汽大众,朗逸,2017款 1.6L 手动 舒适版,上汽大众朗逸车内异响服务态度恶劣,"H164,",2020-06-21,信息审核
28,486668,众泰汽车,众泰T800,2018款 2.0T 尊贵智联型 7座,众泰T800中控台异响 变速箱故障灯亮,"B96,B246,H93,",2020-06-21,处理反馈
29,486665,一汽大众,捷达VS5,2019款 280TSI 自动 悦享型,一汽大众捷达VS5导水槽漏水导致涡轮生锈,"H109,",2020-06-21,厂家受理
0,486664,吉利新能源,星越新能源,2019款 改款 400T 耀星者 纯电动续航56KM,吉利星越新能源车机死机要求更换硬件,"H155,M279,",2020-06-21,处理反馈
1,486662,吉利汽车,博越,2020款 1.8TD 手动 两驱 智雅型,吉利博越4S店发票价格与收款金额不符,"K308,",2020-06-21,信息审核
2,486661,一汽大众,捷达VS5,2019款 280TSI 自动 悦享型,一汽大众捷达VS5低速行驶中右前轮异响,"G125,",2020-06-21,厂家受理
3,486655,吉利汽车,星越,2019款 300T 耀星者,吉利星越车机系统出现死机现象希望尽快处理,"H155,M279,",2020-06-21,处理反馈
4,486653,东风风行,景逸X3,2016款 1.5L 豪华型,东风风行景逸X3行驶中右后下摆臂断裂,"G210,H168,",2020-06-21,处理反馈
5,486652,吉利汽车,星越,2019款 改款 350T 耀星者,吉利星越车机系统升级后卡顿未解决,"O348,",2020-06-21,处理反馈
6,486650,吉利汽车,星越,2019款 350T 耀星者,吉利星越车机系统黑屏版本与宣传不符,"H155,M279,",2020-06-21,处理反馈
7,486648,吉利汽车,博越,2020款 1.8TD DCT 智领PRO,吉利博越雾灯以及挡位灯与宣传不符,"Q350,",2020-06-21,用户评分
8,486643,吉利汽车,博越,2020款 1.8TD DCT 智领PRO,吉利博越实车配置与宣传不符要求解决,"M279,",2020-06-21,处理反馈
9,486642,长城汽车,长城C30,2016款 1.5L AMT 豪华型,长城C30变速箱挂挡异响车身生锈,"A9,H79,",2020-06-21,处理反馈
10,486641,北京现代,领动,2020款 1.4T 双离合 炫动·旗舰型,北京现代领动发动机漏油变速箱起步顿挫,"A12,A189,B33,B19,",2020-06-21,处理反馈
11,486638,一汽-大众奥迪,奥迪A6L,2018款 30 FSI CVT 风尚型,一汽大众奥迪A6L天窗漏水4S店维修多次,"H90,I295,J298,",2020-06-21,信息审核
12,486637,吉利汽车,星越,2019款 350T AWD 驭星者,吉利星越车机与宣传不符 内饰异响,"H93,",2020-06-21,用户评分
13,486635,吉利汽车,缤越,2019款 260T DCT 游侠 运动款 国V,吉利缤越4S店收取13000元定损费,"K307,",2020-06-21,用户评分
14,486634,一汽丰田,卡罗拉,2018款 1.2T S-CVT GL智享版,一汽丰田卡罗拉后挡风玻璃自动爆裂,"H113,",2020-06-21,信息审核
15,486632,东风日产,天籁,2016款 2.0L XL 舒适版 改款,东风日产天籁仪表盘开裂 厂家不索赔,"H168,I297,",2020-06-21,用户评分
16,486631,一汽-大众,宝来,2019款 1.5L 自动 精英型,一汽大众宝来电池电量不足自动启停无法激活,"H146,",2020-06-21,用户评分
17,486630,吉利汽车,博越,2020款 1.8TD DCT 智领PRO,吉利博越实车变速箱没有挡位灯指示,"M279,",2020-06-21,用户评分
18,486627,吉利汽车,帝豪GS,2016款 1.3T 自动 领尚型 运动版,吉利帝豪GS发动机异响车身生锈厂家不处理,"A9,B33,H79,H101,H82,H157,I295,",2020-06-21,处理反馈
19,486626,广汽丰田,凯美瑞,2016款 2.0G 自动 十周年纪念领先版,广汽丰田凯美瑞左前半轴油封漏油,"G51,",2020-06-21,处理反馈
20,486625,长城汽车,哈弗H7,2017款 2.0T 尊贵型 蓝标 H7L,长城哈弗H7飞轮和离合器损坏4S店不保修,"C65,C267,I297,N317,",2020-06-21,用户评分
21,486624,广汽本田,雅阁,2018款 260TURBO 豪华版 国V,广汽本田雅阁发动机渗油异响希望厂家处理,"A9,A12,E196,",2020-06-21,处理反馈
22,486623,长安汽车,长安CS35,2017款 1.6L 自动 豪华型,长安CS35行驶中方向盘跑偏无法解决,"G117,",2020-06-21,处理反馈
23,486621,东风标致,标致408,2015款 1.2T 自动 豪华版,东风标致408行驶中加速出现失速车辆抖动,"A24,A160,B95,B334,I295,",2020-06-21,处理反馈
24,486619,上汽大众,朗逸,2017款 1.6L 自动 舒适版,上汽大众朗逸车内异味严重4S店不给解决,"H185,",2020-06-21,信息审核
25,486615,吉利汽车,星越,2019款 350T 驭星者,吉利星越车机系统升级后未能解决问题,"O348,",2020-06-21,处理反馈
26,486613,吉利汽车,星越,2019款 改款 350T 耀星者,吉利星越车机系统死机与官方宣传不一致,"H155,M279,",2020-06-21,处理反馈
27,486608,广汽丰田,凯美瑞,2016款 2.5G 自动 十周年纪念豪华导航版,广汽丰田凯美瑞半轴防尘套漏油4S店不保修,"G161,I297,Q322,Q290,",2020-06-21,处理反馈
28,486597,上汽大众,Polo,2016款 1.6L 自动 豪华型,上汽大众Polo轮胎偏磨4S店私自维修无单据,"F10,I295,I293,J298,O305,O324,",2020-06-21,信息审核
29,486592,吉利汽车,星越,2019款 350T 耀星者,吉利星越车机死机硬件与宣传不符要求更换,"H155,M279,",2020-06-21,处理反馈
0,486588,上汽斯柯达,柯迪亚克,2018款 TSI330 两驱 舒适版 5座,上汽斯柯达柯迪亚克发动机共振中控台异响,"A24,H164,H93,I295,",2020-06-21,信息审核
1,486587,长安马自达,马自达3 昂克赛拉,2016款 1.5L 自动 豪华型 三厢,长安马自达昂克赛拉中控屏开裂4S店不保修,"H168,I297,",2020-06-21,处理反馈
2,486586,吉利汽车,远景,2016款 1.5L 自动 幸福版,吉利远景变速箱出现故障 倒挡失灵,"B115,",2020-06-21,处理反馈
3,486585,东风雪铁龙,C4世嘉,2016款 1.2THP 自动 旗舰型,雪铁龙C4世嘉方向管柱松动 ABS传感器故障,"D265,E74,",2020-06-21,处理反馈
4,486584,一汽-大众,探岳,2019款 330TSI 两驱 豪华型 国V,一汽大众探岳大灯模糊 影响照明,"H82,",2020-06-21,处理反馈
5,486577,东风英菲尼迪,英菲尼迪Q50L,2015款 2.0T 自动 舒适版,东风英菲尼迪Q50L开热风时车内存在汽油味,"H101,",2020-06-21,信息审核
6,486576,江淮汽车,嘉悦A5,2020款 1.5T CVT 超越型,江淮嘉悦A5后备箱门把手装饰板松动,"H179,H233,",2020-06-21,处理反馈
7,486575,蔚来,蔚来ES8,2018款 创始版,蔚来ES8自动驾驶辅助摄像头故障,"H134,",2020-06-21,信息审核
8,486574,东风本田,INSPIRE,2019款 锐·混动 2.0L 净雅版 国VI,东风本田INSPIRE锈蚀严重4S店服务态度恶劣,"H79,I295,I293,",2020-06-21,处理反馈
9,486571,领克汽车,领克01,2017款 2.0T 自动 两驱 耀Pro,领克01左前半轴防尘套出现漏油现象,"G51,",2020-06-21,处理反馈
10,486570,北京奔驰,奔驰GLC,2019款 GLC 260 4MATIC 动感型,北京奔驰GLC减震器漏油 刹车异响眼镜盒脱落,"E43,G25,H168,",2020-06-21,信息审核
11,486568,上汽大通,上汽MAXUS G50,2019款 1.5T 自动 豪华版 国V,上汽大通G50冷媒泄漏 空调不制冷,"H101,",2020-06-21,处理反馈
12,486566,吉利汽车,星越,2019款 350T 耀星者,吉利星越车机系统出现死机要求升级硬件,"H155,",2020-06-21,处理反馈
13,486564,东风标致,标致408,2014款 1.6T 自动 至尊版,东风标致408后桥异响存在安全隐患要求召回,"G158,",2020-06-21,用户评分
14,486561,上汽大众,朗逸,2017款 1.6L 自动 舒适版,上汽大众朗逸熄火后转向系统故障灯亮,"D291,",2020-06-21,处理反馈
15,486550,一汽-大众奥迪,奥迪Q5L,2018款 45 TFSI 尊享时尚型 国VI,一汽大众奥迪Q5L驾驶室化妆镜开裂,"H113,",2020-06-21,信息审核
16,486549,吉利汽车,星越,2019款 350T 驭星者,吉利星越前悬挂异响变速箱换挡顿挫,"B19,G52,",2020-06-21,处理反馈
17,486545,长安马自达,马自达3 昂克赛拉,2016款 1.5L 手动 豪华型 三厢,长安马自达昂克赛拉屏幕边缘处脱胶,"H168,",2020-06-21,处理反馈
18,486544,广汽丰田,凯美瑞,2009款 240G 2.4 自动 豪华(升级)版,广汽丰田凯美瑞发动机烧机油严重,"A63,",2020-06-21,处理反馈
19,486542,吉利汽车,星越,2019款 350T AWD 驭星者,吉利星越变速箱顿挫 减震异响 车机死机,"B19,G52,H155,",2020-06-21,处理反馈
20,486541,吉利汽车,星越,2019款 改款 350T 驭星者AWD,吉利星越车机系统升级后未能解决问题,"O348,",2020-06-21,处理反馈
21,486540,猎豹汽车,猎豹CS9,2017款 1.5L CVT 精英型,猎豹CS9发动机高温维修后无法解决,"A191,",2020-06-21,信息审核
22,486539,上汽大众,朗逸,2017款 1.6L 自动 舒适版,上汽大众朗逸韩泰轮胎开裂希望更换,"F100,",2020-06-20,信息审核
23,486537,上汽通用五菱,五菱宏光,2020款 1.2L S 基本型 国VI LSI,上汽通用五菱宏光左后车轮摆动维修后未解决,"G204,",2020-06-20,用户评分
24,486535,吉利汽车,星越,2019款 350T 耀星者,吉利星越车机系统升级措施不到位,"O348,",2020-06-20,处理反馈
25,486533,长安汽车,长安CS75 PLUS,2020款 2.0T 自动 领航型,长安CS75 PLUS车漆破损 引擎盖生锈,"H79,",2020-06-20,处理反馈
26,486532,一汽丰田,皇冠,2018款 2.0T 运动版,一汽丰田皇冠刹车异响转向异响4S店未解决,"D59,E43,G52,I295,J298,",2020-06-20,信息审核
27,486531,东南汽车,东南DX3,2018款 1.5L 手动 旗舰型,东南DX3打方向时转向沉不回正4S店不处理,"D123,D156,D154,I295,J300,",2020-06-20,用户评分
28,486529,江淮汽车,瑞风S3,2016款 1.5L 手动 豪华型,江淮瑞风S3车内异味严重希望厂家给予解决,"H185,I295,",2020-06-20,处理反馈
29,486528,吉利汽车,星越,2019款 350T 驭星者,吉利星越方向盘异响车机系统与宣传不符,"D59,H134,M279,",2020-06-20,用户评分
0,486527,吉利汽车,星越,2019款 350T 耀星者,吉利星越行驶中方向跑偏 刹车盘异响,"E43,G117,",2020-06-20,处理反馈
1,486523,广汽丰田,凯美瑞,2019款 2.5G 豪华版 国VI,广汽丰田凯美瑞制动时变速箱故障无法减速,"B115,",2020-06-20,处理反馈
2,486521,一汽-大众,宝来,2019款 改款 280TSI DSG 精英型 国V,一汽大众宝来仪表盘罩开裂4S店不给保修,"H168,I297,",2020-06-20,处理反馈
3,486520,长安汽车,长安CS75 PLUS,2020款 2.0T 自动 旗舰型,长安CS75 PLUS全景影像模糊 车机卡顿,"H134,M279,M283,",2020-06-20,处理反馈
4,486512,广汽本田,飞度,2014款 1.5L CVT SE时尚型,广汽本田飞度发动机异响希望厂家给与保修,"A9,I297,",2020-06-20,处理反馈
5,486511,吉利汽车,星越,2019款 350T 耀星者,吉利星越车机与宣传不符出现死机黑屏,"H155,",2020-06-20,处理反馈
6,486510,一汽-大众,迈腾,2017款 330TSI DSG 豪华型,一汽大众迈腾变速箱顿挫 厂家不回复,"B19,I294,",2020-06-20,处理反馈
7,486509,一汽-大众,探岳,2019款 330TSI 四驱 豪华型 国V,一汽大众探岳两前大灯透镜发白4S店不处理,"H82,I295,",2020-06-20,处理反馈
8,486505,上汽大众,朗逸,2017款 1.6L 自动 风尚版,上汽大众朗逸轮胎胎面开裂厂家不予解决,"F100,I295,I297,",2020-06-20,厂家受理
9,486504,长城汽车,哈弗H6 Coupe,2016款 1.5T 自动 两驱精英型,哈弗H6Coupe涡轮增压器损坏不解决问题,"A189,I295,",2020-06-20,处理反馈
10,486501,一汽丰田,卡罗拉,2011款 1.6 自动 GL 纪念版,一汽丰田卡罗拉4S店更换非原厂车门拒不承认,"J303,N319,",2020-06-20,信息审核
11,486500,吉利汽车,远景,2018款 1.5L 自动 幸福版,吉利远景4S店维修后漆面多处损伤不处理,"H72,I295,J298,J300,J304,",2020-06-20,处理反馈
12,486498,一汽奔腾,奔腾T77,2019款 230 TID 自动 豪华型 国V,一汽奔腾T77车身漏电电瓶损坏4S店不保修,"H146,H110,I297,J298,",2020-06-20,信息审核
13,486495,广汽三菱,欧蓝德,2019款 2.0L 两驱 畅享版 5座 国VI,三菱欧蓝德发动机抖动噪音大厂家不解决,"A24,B19,I295,I294,J300,L314,",2020-06-20,厂家受理
14,486494,华晨宝马,宝马X1,2013款 sDrive18i 2.0L 自动 领先型,华晨宝马X1车内异味严重4S店不予保修,"H185,I297,",2020-06-20,厂家受理
15,486490,东风乘用车,风神AX7,2018款 1.6T 自动 豪华型,东风风神AX7车内进水多次4S店不给解决,"H90,I295,I297,J298,",2020-06-20,用户评分
16,486489,上汽集团,荣威Ei5,2019款 智联旗舰版,上汽荣威Ei5充电慢且充电时自动断开,"H340,",2020-06-20,用户评分
17,486486,吉利汽车,帝豪GL,2019款 1.4T CVT 精英智享版,吉利帝豪GL中控台排挡杆异响4S店不处理,"H164,H93,I295,J298,",2020-06-20,用户评分
18,486481,东风标致,标致408,2015款 1.2T 自动 豪华版,东风标致408行驶中底盘异响厂家拒绝保修,"G158,I297,Q290,",2020-06-20,用户评分
19,486477,广汽菲克菲亚特,致悦,2014款 1.4T 自动 舒适型,广汽菲亚特致悦行驶中变速箱失去动力,"B334,B77,I297,",2020-06-20,厂家受理
20,486474,长城汽车,风骏7,2019款 2.0T 柴油 两驱 精英型 国VI 大双 4D20M,长城风骏7发动机无法启动4S店不处理,"A44,I295,I297,",2020-06-20,用户评分
21,486473,东风悦达起亚,起亚K3,2019款 1.4T DCT GT-line智享运动版,东风锐达起亚K3底盘异响要求厂家解决,"G56,G180,",2020-06-20,处理反馈
22,486471,东风日产,天籁,2020款 2.0L XL 舒适版,东风日产天籁车辆跑偏4S店多次维修敷衍了事,"G117,I295,J298,",2020-06-20,用户评分
23,486470,海马汽车,海马S5,2015款 1.5T CVT 豪华型 运动版,海马S5变速箱故障方向沉没有4S店维修,"A34,A163,B20,D156,N318,O326,",2020-06-20,处理反馈
24,486468,一汽-大众奥迪,奥迪Q5L,2018款 40 TFSI 荣享进取型 国V,一汽大众奥迪Q5L行驶中变速箱换挡顿挫,"B33,B19,I295,J298,",2020-06-20,信息审核
25,486466,吉利汽车,博越,2020款 1.8TD DCT 智慧PRO,吉利博越实车没有挡位指示灯与宣传不符,"M279,",2020-06-20,处理反馈
26,486465,长安马自达,马自达3 昂克赛拉,2016款 2.0L 自动 旗舰型 三厢,长安马自达昂克赛拉中控屏幕四周多处开裂,"H168,I297,",2020-06-20,处理反馈
27,486463,吉利汽车,远景,2016款 1.5L 自动 幸福版,吉利远景变速箱损坏无法加速4S店不予保修,"B334,I297,",2020-06-20,用户评分
28,486462,吉利汽车,帝豪,2014款 1.3T CVT 精英型 两厢,吉利帝豪车身以及车门生锈腐蚀严重,"H79,",2020-06-20,处理反馈
29,486460,一汽丰田,RAV4荣放,2020款 双擎 2.5L CVT 四驱 精英PLUS版,一汽丰田荣放RAV4车身B柱装饰板腐蚀,"H157,",2020-06-20,信息审核
0,486459,吉利汽车,远景,2016款 1.5L 自动 幸福版,吉利远景挂倒挡时不踩油门车辆无法移动,"B334,",2020-06-20,处理反馈
1,486458,奇瑞捷豹路虎,发现神行,2017款 2.0T PURE,奇瑞捷豹路虎发现神行启动后发动机异响,"A9,",2020-06-20,处理反馈
2,486453,吉利汽车,星越,2019款 350T AWD 驭星者,吉利星越传动轴生锈半轴生锈,"H79,",2020-06-20,处理反馈
3,486452,一汽丰田,卡罗拉,2019款 1.2T S-CVT GL-i精英版,一汽丰田卡罗拉新车右前叶子板有修复痕迹,"M284,",2020-06-20,信息审核
4,486451,江淮汽车,瑞风S4,2019款 1.6L CVT 梦想型,江淮瑞风S4中控仪表盘开裂4S店拒绝索赔,"H168,I297,",2020-06-20,处理反馈
5,486449,东风标致,标致408,2015款 1.2T 自动 荣耀版,东风标致408更换正时皮带后发动机烧机油,"A63,",2020-06-20,处理反馈
6,486447,上汽集团,荣威RX5 MAX,2019款 300TGI 自动 智能座舱旗舰版,上汽荣威RX5 MAX行驶中变速箱跳挡,"B27,",2020-06-20,处理反馈
7,486446,东风标致,标致408,2014款 1.8L 自动 豪华版,东风标致408转弯时后桥严重异响,"G158,",2020-06-20,处理反馈
8,486445,东风雷诺,科雷嘉,2019款 SCe200 自动 两驱 智悦型 周年版 国V,东风雷诺科雷嘉EASYLINK车联网服务改为收费,"L313,",2020-06-20,信息审核
9,486444,东风本田,本田XR-V,2020款 220 TURBO CVT 豪华版,东风本田XR-V行驶中底盘装甲突然掉落,"J299,J304,",2020-06-20,用户评分
10,486442,上汽大众,途观,2012款 1.4TSI 手动 两驱 都会版,上汽大众途观4S店用外采件充当原装配件,"N319,",2020-06-20,信息审核
11,486441,吉利汽车,缤越,2019款 260T DCT 骑士 国V,吉利缤越车机升级不兑现 出现死机,"H155,L314,",2020-06-20,处理反馈
12,486433,广汽本田,皓影,2020款 锐·混动 2.0L 两驱 锐·豪华版,广汽本田皓影后视镜玻璃脱落厂家拒绝更换,"H211,",2020-06-20,处理反馈
13,486431,吉利汽车,帝豪,2016款 1.5L 手动 向上版 三厢,吉利帝豪转向抖动异响 减震器漏油 车窗漏风,"D80,G25,H144,",2020-06-20,处理反馈
14,486430,吉利汽车,缤越,2019款 260T DCT 骑士 国V,吉利缤越车机无法升级 车窗漏风 刹车异响,"E43,H144,L314,",2020-06-20,用户评分
15,486427,吉利汽车,远景,2020款 1.5L CVT 亚运版,吉利远景胎压监测系统疑似简配,"Q350,",2020-06-20,处理反馈
16,486423,上汽大众,朗逸,2017款 1.6L 手动 舒适版,上汽大众朗逸半轴油封漏油要求免费更换,"G51,",2020-06-20,信息审核
17,486422,吉利汽车,嘉际,2019款 1.5TD MHEV DCT 臻享型,吉利嘉际车机系统版本低无法使用,"M279,",2020-06-20,处理反馈
18,486421,长安汽车,逸动XT,2016款 1.6L GDI 自动 锐酷型 XT,长安逸动XT变速箱挂入P挡后卡死,"B184,",2020-06-20,处理反馈
19,486418,广汽丰田,丰田C-HR,2018款 2.0L 领先天窗版 国VI,广汽丰田C-HR邓禄普轮胎外侧出现裂纹,"F100,",2020-06-20,用户评分
20,486417,东风雪铁龙,爱丽舍,2018款 1.6L 手动 时尚型,东风雪铁龙爱丽舍刹车片异常磨损,"E47,",2020-06-20,处理反馈
21,486416,北京现代,菲斯塔,2019款 280TGDi 运动版 国V,北京现代菲斯塔天窗异响 蓝牙断开,"H155,H89,",2020-06-20,处理反馈
22,486415,东风风行,风行M6,2019款 1.5T 手动 长轴尊享型 7座,东风风行M6离合器漏油4店推脱不处理,"C207,",2020-06-20,处理反馈
23,486413,猎豹汽车,Mattu,2018款 1.6T GDI DCT 精英型,猎豹Mattu发动机故障变速箱无动力输出,"A34,B246,H170,",2020-06-20,信息审核
24,486411,广汽丰田,凯美瑞,2018款 2.5HG E-CVT 豪华版,广汽丰田凯美瑞机油增多无法解决,"A339,",2020-06-20,处理反馈
25,486409,一汽-大众,探岳,2019款 330TSI 两驱 豪华型Plus 国V,一汽大众探岳大灯照明度不足 灯泡出现雾化,"H82,",2020-06-20,处理反馈
26,486400,吉利汽车,星越,2019款 350T 暗夜骑士限量版,吉利星越车机与宣传不符出现死机现象,"H155,M279,",2020-06-20,处理反馈
27,486396,一汽-大众,宝来,2014款 1.6L 自动 时尚型,一汽大众宝来车内进水4S店找不到原因,"H109,",2020-06-20,处理反馈
28,486395,广汽本田,雅阁,2018款 260TURBO 豪华版 国V,广汽本田雅阁电子手刹异响需要尽快处理,"E43,E159,",2020-06-20,处理反馈
29,486391,上汽通用五菱,五菱宏光,2019款 1.5L S 舒适型 国VI LAR,上汽通用五菱宏光行驶中突然熄火,"A14,",2020-06-20,处理反馈
0,486389,吉利汽车,星越,2019款 350T 耀星者,吉利星越车机系统升级后卡顿问题未解决,"O348,",2020-06-20,用户评分
1,486388,一汽-大众,速腾,2019款 280TSI DSG 舒适型 国VI,一汽大众速腾发动机故障灯多次报警,"A34,",2020-06-20,处理反馈
2,486387,上汽集团,荣威350,2010款 1.5 手动 讯驰版 350S,上汽荣威350空调冷热风无法切换,"H101,",2020-06-20,处理反馈
3,486386,东风雪铁龙,雪铁龙C4L,2014款 1.6THP 自动 智驱版 劲智型,东风雪铁龙C4L发动机正时链条套件故障,"A45,",2020-06-20,处理反馈
4,486385,星途,星途LX,2019款 1.6T 星睿版,星途LX发动机与变速箱连接处漏油,"A12,B22,",2020-06-20,信息审核
5,486383,吉利汽车,缤越,2019款 260T DCT 骑士 国V,吉利缤越门窗漏风 车机版本老旧,"H144,L314,",2020-06-20,处理反馈
6,486380,一汽-大众,探岳,2020款 380TSI 四驱 R-Line智联版,一汽大众探岳发动机EPC故障灯亮,"A34,",2020-06-20,处理反馈
7,486379,长安马自达,马自达3 昂克赛拉,2017款 2.0L 自动 旗舰型 三厢 国V,长安马自达昂克赛拉后视镜自动折叠功能失灵,"H211,",2020-06-20,处理反馈
8,486378,野马汽车,野马T70,2016款 1.5T 手动 豪华型 升级版,野马T70倒车影像不显示黑屏厂家无配件,"H134,N318,",2020-06-20,处理反馈
9,486377,广汽讴歌,讴歌CDX,2019款 1.5T 两驱 尊享版,广汽讴歌CDX变速箱顿挫车顶钢板太软,"B19,Q322,",2020-06-20,处理反馈
10,486376,奇瑞汽车,艾瑞泽5,2017款 1.5L 手动 领潮版,奇瑞艾瑞泽5空调制冷效果差存在质量问题,"H101,",2020-06-20,处理反馈
11,486375,广汽本田,缤智,2020款 1.5L CVT 先锋版,广汽本田缤智优科豪马轮胎漏气售后不予质保,"F41,",2020-06-20,用户评分
12,486372,上汽通用五菱,新宝骏RS-5,2019款 1.5T CVT 智能驾控豪华版 国V,新宝骏RS-5玲珑轮胎龟裂 起皮严重,"F100,F186,",2020-06-20,处理反馈
13,486371,领克汽车,领克03,2019款 2.0TD 自动 劲版,领克03漆面龟裂售后服务差希望厂家处理,"H81,I293,",2020-06-20,处理反馈
14,486368,东南汽车,东南DX3,2018款 1.5L 手动 尊贵型,东南DX3离合器异响4S店维修后未解决,"C65,",2020-06-20,处理反馈
15,486361,东风悦达起亚,凯绅,2019款 1.8L 自动 GLS,东风悦达起亚凯绅后备箱盖生锈严重,"H79,",2020-06-20,处理反馈
16,486355,领克汽车,领克01,2017款 2.0T 自动 两驱 型 Pro,领克01低速行驶时刹车异响 转向异响,"D59,E43,H169,",2020-06-20,处理反馈
17,486353,吉利汽车,星越,2019款 350T 暗夜骑士限量版,吉利星越车机与宣传不符 中控台异响,"H93,M279,",2020-06-20,处理反馈
18,486352,长安马自达,马自达3 昂克赛拉,2016款 1.5L 自动 豪华型 三厢,长安马自达昂克赛拉中控导航屏幕无故脱胶,"H134,H168,",2020-06-20,处理反馈
19,486351,长安汽车,长安CS55 PLUS,2020款 1.5T 自动 炫色型,长安CS55 PLUS起步3100转换挡 悬挂异响,"B69,G204,",2020-06-20,用户评分
20,486350,东风启辰,启辰D60,2019款 十万荣耀 1.6L Entry 手动 辰尚版 国VI,启辰D60后轮眉位置掉漆生锈存在质量问题,"H79,H81,",2020-06-20,信息审核
21,486349,吉利汽车,博越,2018款 1.8TD 自动 两驱 智联型 4G互联版,吉利博越刹车异响变速箱挂挡顿挫严重,"B19,E43,",2020-06-20,用户评分
22,486347,华晨宝马,宝马3系,2017款 320i M 运动型,宝马3系冷却液水管断裂发动机高温报警,"A37,A191,H168,",2020-06-20,信息审核
23,486342,吉利汽车,博越,2018款 1.8TD 自动 两驱 智联型 4G互联版,吉利博越手机APP无法控制车窗及定位,"H155,",2020-06-20,处理反馈
24,486341,众泰汽车,众泰SR9,2017款 2.0T 自动 极致之梦版,众泰SR9行驶中变速箱异响挂挡无法行驶,"B33,B334,",2020-06-20,处理反馈
25,486339,上汽大众,朗逸,2019款 280TSI DSG 舒适版 国VI,上汽大众朗逸刹车异响 变速箱异响,"B33,E43,",2020-06-20,厂家受理
26,486336,上汽大众,朗逸,2018款 280TSI DSG豪华版 两厢 国V,上汽大众朗逸轮毂氧化售后不予质保,"H243,",2020-06-20,信息审核
27,486335,一汽-大众,探岳,2019款 380TSI 四驱 R-Line 国VI,一汽大众探岳大灯亮度不够透镜上有指纹,"H82,H60,",2020-06-20,处理反馈
28,486332,沃尔沃亚太,沃尔沃S60新能源,2015款 2.0T 智越版 E驱混动,沃尔沃S60新能源召回后空调问题频发,"H101,",2020-06-20,信息审核
29,486329,一汽-大众,速腾,2019款 200TSI 手动 舒适型 国VI,一汽大众速腾一挡起步时转速自动升高,"A35,",2020-06-20,处理反馈
